"title","url","stars","name","reviewUrl","text"
"مركز البسمة لطب الاسنان دكتور طنطاوي الشحات","https://www.google.com/maps/search/?api=1&query=%D9%85%D8%B1%D9%83%D8%B2%20%D8%A7%D9%84%D8%A8%D8%B3%D9%85%D8%A9%20%D9%84%D8%B7%D8%A8%20%D8%A7%D9%84%D8%A7%D8%B3%D9%86%D8%A7%D9%86%20%D8%AF%D9%83%D8%AA%D9%88%D8%B1%20%D8%B7%D9%86%D8%B7%D8%A7%D9%88%D9%8A%20%D8%A7%D9%84%D8%B4%D8%AD%D8%A7%D8%AA&query_place_id=ChIJuS2NiURZ-BQRMWoScO0O7EA","5","Rawan Hatem","https://www.google.com/maps/reviews/data=!4m8!14m7!1m6!2m5!1sCi9DQUlRQUNvZENodHljRjlvT2tVeldqQm9TMUZITjJONVdVY3lXWHBJYW5oRk1FRRAB!2m1!1s0x0:0x40ec0eed70126a31!3m1!1s2@1:CAIQACodChtycF9oOkUzWjBoS1FHN2N5WUcyWXpIanhFMEE%7C0dFOwc867dr%7C?hl=en","من افضل مراكز الاسنان فى المعامله حقيقي ودكاتره شاطرين جدا كلهم بلا استثناء ومعاملتهم كويسه شكرا بجد ليكم مبسوطه بنتيجة اسناني جدا😍♥️♥️♥️♥️♥️"
"مركز البسمة لطب الاسنان دكتور طنطاوي الشحات","https://www.google.com/maps/search/?api=1&query=%D9%85%D8%B1%D9%83%D8%B2%20%D8%A7%D9%84%D8%A8%D8%B3%D9%85%D8%A9%20%D9%84%D8%B7%D8%A8%20%D8%A7%D9%84%D8%A7%D8%B3%D9%86%D8%A7%D9%86%20%D8%AF%D9%83%D8%AA%D9%88%D8%B1%20%D8%B7%D9%86%D8%B7%D8%A7%D9%88%D9%8A%20%D8%A7%D9%84%D8%B4%D8%AD%D8%A7%D8%AA&query_place_id=ChIJuS2NiURZ-BQRMWoScO0O7EA","5","Enas Elnady","https://www.google.com/maps/reviews/data=!4m8!14m7!1m6!2m5!1sCi9DQUlRQUNvZENodHljRjlvT21oVldrSldVRTlUYWw5RVIzRnhhbDlWYjFWYVlVRRAB!2m1!1s0x0:0x40ec0eed70126a31!3m1!1s2@1:CAIQACodChtycF9oOmhVWkJWUE9Tal9ER3Fxal9Vb1VaYUE%7C0dFJrvFzZ69%7C?hl=en","اشطر دكتور شكرررررا جدا جدا"
"مركز البسمة لطب الاسنان دكتور طنطاوي الشحات","https://www.google.com/maps/search/?api=1&query=%D9%85%D8%B1%D9%83%D8%B2%20%D8%A7%D9%84%D8%A8%D8%B3%D9%85%D8%A9%20%D9%84%D8%B7%D8%A8%20%D8%A7%D9%84%D8%A7%D8%B3%D9%86%D8%A7%D9%86%20%D8%AF%D9%83%D8%AA%D9%88%D8%B1%20%D8%B7%D9%86%D8%B7%D8%A7%D9%88%D9%8A%20%D8%A7%D9%84%D8%B4%D8%AD%D8%A7%D8%AA&query_place_id=ChIJuS2NiURZ-BQRMWoScO0O7EA","5","Hagar Mostafa","https://www.google.com/maps/reviews/data=!4m8!14m7!1m6!2m5!1sCi9DQUlRQUNvZENodHljRjlvT25SbVFtcEdkbVZRUzJGRFIwdEdja1J5ZDFRMVRXYxAB!2m1!1s0x0:0x40ec0eed70126a31!3m1!1s2@1:CAIQACodChtycF9oOnRmQmpGdmVQS2FDR0tGckRyd1Q1TWc%7C0dA4d05AQOM%7C?hl=en","تجربه اكثر من رائعه لدكتور طنطاوي"
"مركز البسمة لطب الاسنان دكتور طنطاوي الشحات","https://www.google.com/maps/search/?api=1&query=%D9%85%D8%B1%D9%83%D8%B2%20%D8%A7%D9%84%D8%A8%D8%B3%D9%85%D8%A9%20%D9%84%D8%B7%D8%A8%20%D8%A7%D9%84%D8%A7%D8%B3%D9%86%D8%A7%D9%86%20%D8%AF%D9%83%D8%AA%D9%88%D8%B1%20%D8%B7%D9%86%D8%B7%D8%A7%D9%88%D9%8A%20%D8%A7%D9%84%D8%B4%D8%AD%D8%A7%D8%AA&query_place_id=ChIJuS2NiURZ-BQRMWoScO0O7EA","5","Apdalla Eldon","https://www.google.com/maps/reviews/data=!4m8!14m7!1m6!2m5!1sCi9DQUlRQUNvZENodHljRjlvT2xCQmRuVjBWbkpuUVRSUlh6RXhNVGxGWlc1VlFYYxAB!2m1!1s0x0:0x40ec0eed70126a31!3m1!1s2@1:CAIQACodChtycF9oOlBBdnV0VnJnQTRRXzExMTlFZW5VQXc%7C0d9iUo4xgjF%7C?hl=en","حاجه فوق الممتاز بصراحه"
"مركز البسمة لطب الاسنان دكتور طنطاوي الشحات","https://www.google.com/maps/search/?api=1&query=%D9%85%D8%B1%D9%83%D8%B2%20%D8%A7%D9%84%D8%A8%D8%B3%D9%85%D8%A9%20%D9%84%D8%B7%D8%A8%20%D8%A7%D9%84%D8%A7%D8%B3%D9%86%D8%A7%D9%86%20%D8%AF%D9%83%D8%AA%D9%88%D8%B1%20%D8%B7%D9%86%D8%B7%D8%A7%D9%88%D9%8A%20%D8%A7%D9%84%D8%B4%D8%AD%D8%A7%D8%AA&query_place_id=ChIJuS2NiURZ-BQRMWoScO0O7EA","5","ندى مصطفي محمد بلال","https://www.google.com/maps/reviews/data=!4m8!14m7!1m6!2m5!1sCi9DQUlRQUNvZENodHljRjlvT25sT05qQnJOVU5RV1hSZloySlNTMDVVU2tzME0yYxAB!2m1!1s0x0:0x40ec0eed70126a31!3m1!1s2@1:CAIQACodChtycF9oOnlONjBrNUNQWXRfZ2JSS05USks0M2c%7C0d8RD-rm1Xp%7C?hl=en","شكرا جدا دكتور طنطاوي..
بجد تسلم ايد حضرتك ♥️ .
اشطر دكتور في الاسماعيليه كلها ....
دكتور يستاهل كل الشكر والتقدير 💫"
"مركز البسمة لطب الاسنان دكتور طنطاوي الشحات","https://www.google.com/maps/search/?api=1&query=%D9%85%D8%B1%D9%83%D8%B2%20%D8%A7%D9%84%D8%A8%D8%B3%D9%85%D8%A9%20%D9%84%D8%B7%D8%A8%20%D8%A7%D9%84%D8%A7%D8%B3%D9%86%D8%A7%D9%86%20%D8%AF%D9%83%D8%AA%D9%88%D8%B1%20%D8%B7%D9%86%D8%B7%D8%A7%D9%88%D9%8A%20%D8%A7%D9%84%D8%B4%D8%AD%D8%A7%D8%AA&query_place_id=ChIJuS2NiURZ-BQRMWoScO0O7EA","5","Aliaa Abelaziz","https://www.google.com/maps/reviews/data=!4m8!14m7!1m6!2m5!1sCi9DQUlRQUNvZENodHljRjlvT2w5QlkydFRkM2gwVDBaTk9HVlpXWHByY1MxZldHYxAB!2m1!1s0x0:0x40ec0eed70126a31!3m1!1s2@1:CAIQACodChtycF9oOl9BY2tTd3h0T0ZNOGVZWXprcS1fWGc%7C0d87UOnXZQz%7C?hl=en",
"مركز البسمة لطب الاسنان دكتور طنطاوي الشحات","https://www.google.com/maps/search/?api=1&query=%D9%85%D8%B1%D9%83%D8%B2%20%D8%A7%D9%84%D8%A8%D8%B3%D9%85%D8%A9%20%D9%84%D8%B7%D8%A8%20%D8%A7%D9%84%D8%A7%D8%B3%D9%86%D8%A7%D9%86%20%D8%AF%D9%83%D8%AA%D9%88%D8%B1%20%D8%B7%D9%86%D8%B7%D8%A7%D9%88%D9%8A%20%D8%A7%D9%84%D8%B4%D8%AD%D8%A7%D8%AA&query_place_id=ChIJuS2NiURZ-BQRMWoScO0O7EA","5","Salma","https://www.google.com/maps/reviews/data=!4m8!14m7!1m6!2m5!1sCi9DQUlRQUNvZENodHljRjlvT21wU09VRlhSamhLTkRCVlJXY3dXRGRJYkRsblVsRRAB!2m1!1s0x0:0x40ec0eed70126a31!3m1!1s2@1:CAIQACodChtycF9oOmpSOUFXRjhKNDBVRWcwWDdIbDlnUlE%7C0d87EM-WPTy%7C?hl=en","احب اشكر مركز دكتور طنطاوى على حسن المعامله ومكان راقى ونضافه ولا احسن بجد شكرا من قلبى على الاهتمام"
"مركز البسمة لطب الاسنان دكتور طنطاوي الشحات","https://www.google.com/maps/search/?api=1&query=%D9%85%D8%B1%D9%83%D8%B2%20%D8%A7%D9%84%D8%A8%D8%B3%D9%85%D8%A9%20%D9%84%D8%B7%D8%A8%20%D8%A7%D9%84%D8%A7%D8%B3%D9%86%D8%A7%D9%86%20%D8%AF%D9%83%D8%AA%D9%88%D8%B1%20%D8%B7%D9%86%D8%B7%D8%A7%D9%88%D9%8A%20%D8%A7%D9%84%D8%B4%D8%AD%D8%A7%D8%AA&query_place_id=ChIJuS2NiURZ-BQRMWoScO0O7EA","5","Mohamed Abdelmobdy","https://www.google.com/maps/reviews/data=!4m8!14m7!1m6!2m5!1sCi9DQUlRQUNvZENodHljRjlvT2t4UFVURkxhbEZVYW1SVlJsTXdWa2RJY1ZoM09WRRAB!2m1!1s0x0:0x40ec0eed70126a31!3m1!1s2@1:CAIQACodChtycF9oOkxPUTFLalFUamRVRlMwVkdIcVh3OVE%7C0d873nSiTTs%7C?hl=en","مكان رائع ومحترم جداا  بشكر الدكتور طنطاوى جداا ع حسن المعامله ❤️"
"مركز البسمة لطب الاسنان دكتور طنطاوي الشحات","https://www.google.com/maps/search/?api=1&query=%D9%85%D8%B1%D9%83%D8%B2%20%D8%A7%D9%84%D8%A8%D8%B3%D9%85%D8%A9%20%D9%84%D8%B7%D8%A8%20%D8%A7%D9%84%D8%A7%D8%B3%D9%86%D8%A7%D9%86%20%D8%AF%D9%83%D8%AA%D9%88%D8%B1%20%D8%B7%D9%86%D8%B7%D8%A7%D9%88%D9%8A%20%D8%A7%D9%84%D8%B4%D8%AD%D8%A7%D8%AA&query_place_id=ChIJuS2NiURZ-BQRMWoScO0O7EA","5","Yuyu Khaled","https://www.google.com/maps/reviews/data=!4m8!14m7!1m6!2m5!1sCi9DQUlRQUNvZENodHljRjlvT25GYVNsTXRUV3hXZUZoTGMwcEZNMHh6VG05NE5uYxAB!2m1!1s0x0:0x40ec0eed70126a31!3m1!1s2@1:CAIQACodChtycF9oOnFaSlMtTWxWeFhLc0pFM0xzTm94Nnc%7C0d7nTQQgSaD%7C?hl=en","احسن دكتور بجد خلعت ضرس العقل بصراحه محسيتش ب اي وجع ربنا يبارك في حضرتك يادكتور"
"مركز البسمة لطب الاسنان دكتور طنطاوي الشحات","https://www.google.com/maps/search/?api=1&query=%D9%85%D8%B1%D9%83%D8%B2%20%D8%A7%D9%84%D8%A8%D8%B3%D9%85%D8%A9%20%D9%84%D8%B7%D8%A8%20%D8%A7%D9%84%D8%A7%D8%B3%D9%86%D8%A7%D9%86%20%D8%AF%D9%83%D8%AA%D9%88%D8%B1%20%D8%B7%D9%86%D8%B7%D8%A7%D9%88%D9%8A%20%D8%A7%D9%84%D8%B4%D8%AD%D8%A7%D8%AA&query_place_id=ChIJuS2NiURZ-BQRMWoScO0O7EA","5","Gigi Sayed","https://www.google.com/maps/reviews/data=!4m8!14m7!1m6!2m5!1sCi9DQUlRQUNvZENodHljRjlvT200M1drRlplRXcyTldoT1RVZFlValZXVTBweGExRRAB!2m1!1s0x0:0x40ec0eed70126a31!3m1!1s2@1:CAIQACodChtycF9oOm43WkFZeEw2NWhOTUdYUjVWU0pxa1E%7C0d6ntyHm3Hc%7C?hl=en","دكتور طنطاوى  اشطر دكتور اسنان اتهامات معاه بجد كل الشكر لحضرتك وكل العاملين مع حضرتك"
"مركز البسمة لطب الاسنان دكتور طنطاوي الشحات","https://www.google.com/maps/search/?api=1&query=%D9%85%D8%B1%D9%83%D8%B2%20%D8%A7%D9%84%D8%A8%D8%B3%D9%85%D8%A9%20%D9%84%D8%B7%D8%A8%20%D8%A7%D9%84%D8%A7%D8%B3%D9%86%D8%A7%D9%86%20%D8%AF%D9%83%D8%AA%D9%88%D8%B1%20%D8%B7%D9%86%D8%B7%D8%A7%D9%88%D9%8A%20%D8%A7%D9%84%D8%B4%D8%AD%D8%A7%D8%AA&query_place_id=ChIJuS2NiURZ-BQRMWoScO0O7EA","5","Soma Soma","https://www.google.com/maps/reviews/data=!4m8!14m7!1m6!2m5!1sCi9DQUlRQUNvZENodHljRjlvT2t3MVVteEJVVGN3VTI1VGVHNUdZWGx5Y201emMwRRAB!2m1!1s0x0:0x40ec0eed70126a31!3m1!1s2@1:CAIQACodChtycF9oOkw1UmxBUTcwU25TeG5GYXlycm5zc0E%7C0d5pwimdRiT%7C?hl=en","احسن واجمل دكتور والله ، خلعت دروس العقل من غير اى وجع ، من أحسن الدكاترة فعلا"
"مركز البسمة لطب الاسنان دكتور طنطاوي الشحات","https://www.google.com/maps/search/?api=1&query=%D9%85%D8%B1%D9%83%D8%B2%20%D8%A7%D9%84%D8%A8%D8%B3%D9%85%D8%A9%20%D9%84%D8%B7%D8%A8%20%D8%A7%D9%84%D8%A7%D8%B3%D9%86%D8%A7%D9%86%20%D8%AF%D9%83%D8%AA%D9%88%D8%B1%20%D8%B7%D9%86%D8%B7%D8%A7%D9%88%D9%8A%20%D8%A7%D9%84%D8%B4%D8%AD%D8%A7%D8%AA&query_place_id=ChIJuS2NiURZ-BQRMWoScO0O7EA","5","Raneem Ayman","https://www.google.com/maps/reviews/data=!4m8!14m7!1m6!2m5!1sCi9DQUlRQUNvZENodHljRjlvT2tkb1oyOTVWM1JoUVZwV1ZHTlRNelZ6VTJwYWJGRRAB!2m1!1s0x0:0x40ec0eed70126a31!3m1!1s2@1:CAIQACodChtycF9oOkdoZ295V3RhQVpWVGNTMzVzU2pabFE%7C0d5SGJIZkiK%7C?hl=en","الدكتور ذوق جداً وفريندلي وشغله حلو جداا وشاطر"
"مركز البسمة لطب الاسنان دكتور طنطاوي الشحات","https://www.google.com/maps/search/?api=1&query=%D9%85%D8%B1%D9%83%D8%B2%20%D8%A7%D9%84%D8%A8%D8%B3%D9%85%D8%A9%20%D9%84%D8%B7%D8%A8%20%D8%A7%D9%84%D8%A7%D8%B3%D9%86%D8%A7%D9%86%20%D8%AF%D9%83%D8%AA%D9%88%D8%B1%20%D8%B7%D9%86%D8%B7%D8%A7%D9%88%D9%8A%20%D8%A7%D9%84%D8%B4%D8%AD%D8%A7%D8%AA&query_place_id=ChIJuS2NiURZ-BQRMWoScO0O7EA","5","sara ibrahim","https://www.google.com/maps/reviews/data=!4m8!14m7!1m6!2m5!1sCi9DQUlRQUNvZENodHljRjlvT201eFNXazFjRm95TTJaaFRrbFVMVGs1UTB4NWFXYxAB!2m1!1s0x0:0x40ec0eed70126a31!3m1!1s2@1:CAIQACodChtycF9oOm5xSWk1cFoyM2ZhTklULTk5Q0x5aWc%7C0d0pW49QKaF%7C?hl=en",
"مركز البسمة لطب الاسنان دكتور طنطاوي الشحات","https://www.google.com/maps/search/?api=1&query=%D9%85%D8%B1%D9%83%D8%B2%20%D8%A7%D9%84%D8%A8%D8%B3%D9%85%D8%A9%20%D9%84%D8%B7%D8%A8%20%D8%A7%D9%84%D8%A7%D8%B3%D9%86%D8%A7%D9%86%20%D8%AF%D9%83%D8%AA%D9%88%D8%B1%20%D8%B7%D9%86%D8%B7%D8%A7%D9%88%D9%8A%20%D8%A7%D9%84%D8%B4%D8%AD%D8%A7%D8%AA&query_place_id=ChIJuS2NiURZ-BQRMWoScO0O7EA","5","Om Ritag","https://www.google.com/maps/reviews/data=!4m8!14m7!1m6!2m5!1sCi9DQUlRQUNvZENodHljRjlvT2xsclJHbHJhblJ2YW5aTmIzcDNlbVZSZDBvMWFuYxAB!2m1!1s0x0:0x40ec0eed70126a31!3m1!1s2@1:CAIQACodChtycF9oOllrRGlranRvanZNb3p3emVRd0o1anc%7C0cwDTaXgq0C%7C?hl=en","المعاملهمركز ممتاز واسعار كويسه جدا وتعقيم واحترام ف"
"مركز البسمة لطب الاسنان دكتور طنطاوي الشحات","https://www.google.com/maps/search/?api=1&query=%D9%85%D8%B1%D9%83%D8%B2%20%D8%A7%D9%84%D8%A8%D8%B3%D9%85%D8%A9%20%D9%84%D8%B7%D8%A8%20%D8%A7%D9%84%D8%A7%D8%B3%D9%86%D8%A7%D9%86%20%D8%AF%D9%83%D8%AA%D9%88%D8%B1%20%D8%B7%D9%86%D8%B7%D8%A7%D9%88%D9%8A%20%D8%A7%D9%84%D8%B4%D8%AD%D8%A7%D8%AA&query_place_id=ChIJuS2NiURZ-BQRMWoScO0O7EA","5","لومه دي انا","https://www.google.com/maps/reviews/data=!4m8!14m7!1m6!2m5!1sCi9DQUlRQUNvZENodHljRjlvT2poelgwUlBia0o0WlhKYVRESm1PR3A0V25KMmFuYxAB!2m1!1s0x0:0x40ec0eed70126a31!3m1!1s2@1:CAIQACodChtycF9oOjhzX0RPbkJ4ZXJaTDJmOGp4WnJ2anc%7C0cvYpldABww%7C?hl=en","دكتور محترم جداا
بجد دي اول مره اخلع فيها وكنت خايفه جدا بس تسلم ايد الدكتور طنطاوي محستش باي حاجه ممتاز جدا جدا
تسلم ايدك يا دكتور ❤️❤️❤️❤️💯"
"مركز البسمة لطب الاسنان دكتور طنطاوي الشحات","https://www.google.com/maps/search/?api=1&query=%D9%85%D8%B1%D9%83%D8%B2%20%D8%A7%D9%84%D8%A8%D8%B3%D9%85%D8%A9%20%D9%84%D8%B7%D8%A8%20%D8%A7%D9%84%D8%A7%D8%B3%D9%86%D8%A7%D9%86%20%D8%AF%D9%83%D8%AA%D9%88%D8%B1%20%D8%B7%D9%86%D8%B7%D8%A7%D9%88%D9%8A%20%D8%A7%D9%84%D8%B4%D8%AD%D8%A7%D8%AA&query_place_id=ChIJuS2NiURZ-BQRMWoScO0O7EA","5","Mohamed Henidy","https://www.google.com/maps/reviews/data=!4m8!14m7!1m6!2m5!1sCi9DQUlRQUNvZENodHljRjlvT2tsaVZpMVFTV3BMWm5aSlVsRkxhVlYzYjBwR04xRRAB!2m1!1s0x0:0x40ec0eed70126a31!3m1!1s2@1:CAIQACodChtycF9oOkliVi1QSWpLZnZJUlFLaVV3b0pGN1E%7C0cvXr5EKbto%7C?hl=en","ما شاء الله تيم محترما جدا بشكر كم جدا يا جماعه"
"مركز البسمة لطب الاسنان دكتور طنطاوي الشحات","https://www.google.com/maps/search/?api=1&query=%D9%85%D8%B1%D9%83%D8%B2%20%D8%A7%D9%84%D8%A8%D8%B3%D9%85%D8%A9%20%D9%84%D8%B7%D8%A8%20%D8%A7%D9%84%D8%A7%D8%B3%D9%86%D8%A7%D9%86%20%D8%AF%D9%83%D8%AA%D9%88%D8%B1%20%D8%B7%D9%86%D8%B7%D8%A7%D9%88%D9%8A%20%D8%A7%D9%84%D8%B4%D8%AD%D8%A7%D8%AA&query_place_id=ChIJuS2NiURZ-BQRMWoScO0O7EA","5","ضي القمر","https://www.google.com/maps/reviews/data=!4m8!14m7!1m6!2m5!1sCi9DQUlRQUNvZENodHljRjlvT25SUWJYTmZia3BrZVVSMWRGUnpiVkJIV1hoVGIxRRAB!2m1!1s0x0:0x40ec0eed70126a31!3m1!1s2@1:CAIQACodChtycF9oOnRQbXNfbkpkeUR1dFRzbVBHWXhTb1E%7C0cutJ8FmVkk%7C?hl=en","بجد اول مره اتعامل مع دكتور فى قمة الاحترام والذوق و والرقي اشكر كل اللي موجودين في المركز  لدكتور طنطاوي بجد انا سعيده جدا ان عندنا في اسماعيليه في مركز في قمه الجمال والتعقيم وقد ايه الدكتور كان حريص جدا على اطمئنان المرضى يعطينا شيء من التفاؤل الف شكر لحضرتك يا دكتور طنطاوي ولكل طقم الدكاتره والتمريض الموجودين الف شكر على ذوقكم جميعا"
"مركز البسمة لطب الاسنان دكتور طنطاوي الشحات","https://www.google.com/maps/search/?api=1&query=%D9%85%D8%B1%D9%83%D8%B2%20%D8%A7%D9%84%D8%A8%D8%B3%D9%85%D8%A9%20%D9%84%D8%B7%D8%A8%20%D8%A7%D9%84%D8%A7%D8%B3%D9%86%D8%A7%D9%86%20%D8%AF%D9%83%D8%AA%D9%88%D8%B1%20%D8%B7%D9%86%D8%B7%D8%A7%D9%88%D9%8A%20%D8%A7%D9%84%D8%B4%D8%AD%D8%A7%D8%AA&query_place_id=ChIJuS2NiURZ-BQRMWoScO0O7EA","5","ali tahoun","https://www.google.com/maps/reviews/data=!4m8!14m7!1m6!2m5!1sCi9DQUlRQUNvZENodHljRjlvT21Gek9XZHJSRTk1TWpGSVRsaHljWEpvTlZSa1RtYxAB!2m1!1s0x0:0x40ec0eed70126a31!3m1!1s2@1:CAIQACodChtycF9oOmFzOWdrRE95MjFITlhycXJoNVRkTmc%7C0cty0w5j_lw%7C?hl=en","احسن عياده أسنان في اسماعيلية ارشحها جدا دكتور طنطاوي من الشخصيات المحترمه والذوق جدا
عملت عمليه خلع درس عقل محستش باي حاجه
وفعلا افضل عايده أسنان في اسماعيلية"
"مركز البسمة لطب الاسنان دكتور طنطاوي الشحات","https://www.google.com/maps/search/?api=1&query=%D9%85%D8%B1%D9%83%D8%B2%20%D8%A7%D9%84%D8%A8%D8%B3%D9%85%D8%A9%20%D9%84%D8%B7%D8%A8%20%D8%A7%D9%84%D8%A7%D8%B3%D9%86%D8%A7%D9%86%20%D8%AF%D9%83%D8%AA%D9%88%D8%B1%20%D8%B7%D9%86%D8%B7%D8%A7%D9%88%D9%8A%20%D8%A7%D9%84%D8%B4%D8%AD%D8%A7%D8%AA&query_place_id=ChIJuS2NiURZ-BQRMWoScO0O7EA","5","ahmed beko","https://www.google.com/maps/reviews/data=!4m8!14m7!1m6!2m5!1sCi9DQUlRQUNvZENodHljRjlvT2tSaU1VbGlRMWhrYWtRNFFWRXlWbVUzZVhKWVlWRRAB!2m1!1s0x0:0x40ec0eed70126a31!3m1!1s2@1:CAIQACodChtycF9oOkRiMUliQ1hkakQ4QVEyVmU3eXJYYVE%7C0ctx2o-TNkf%7C?hl=en","احلى دكتور اسنان الدكتور طنطاوى"
"مركز البسمة لطب الاسنان دكتور طنطاوي الشحات","https://www.google.com/maps/search/?api=1&query=%D9%85%D8%B1%D9%83%D8%B2%20%D8%A7%D9%84%D8%A8%D8%B3%D9%85%D8%A9%20%D9%84%D8%B7%D8%A8%20%D8%A7%D9%84%D8%A7%D8%B3%D9%86%D8%A7%D9%86%20%D8%AF%D9%83%D8%AA%D9%88%D8%B1%20%D8%B7%D9%86%D8%B7%D8%A7%D9%88%D9%8A%20%D8%A7%D9%84%D8%B4%D8%AD%D8%A7%D8%AA&query_place_id=ChIJuS2NiURZ-BQRMWoScO0O7EA","5","Mo Esmail","https://www.google.com/maps/reviews/data=!4m8!14m7!1m6!2m5!1sCi9DQUlRQUNvZENodHljRjlvT2sxbVdpMXpNM0psWXpsaE1raE1aVE5pVWtWcWNrRRAB!2m1!1s0x0:0x40ec0eed70126a31!3m1!1s2@1:CAIQACodChtycF9oOk1mWi1zM3JlYzlhMkhMZTNiUkVqckE%7C0ctwP2qsS2R%7C?hl=en","بجد الله ينور مركز كويس جدا دكتور طنطاوي وتجربه ممتازة"
"مركز البسمة لطب الاسنان دكتور طنطاوي الشحات","https://www.google.com/maps/search/?api=1&query=%D9%85%D8%B1%D9%83%D8%B2%20%D8%A7%D9%84%D8%A8%D8%B3%D9%85%D8%A9%20%D9%84%D8%B7%D8%A8%20%D8%A7%D9%84%D8%A7%D8%B3%D9%86%D8%A7%D9%86%20%D8%AF%D9%83%D8%AA%D9%88%D8%B1%20%D8%B7%D9%86%D8%B7%D8%A7%D9%88%D9%8A%20%D8%A7%D9%84%D8%B4%D8%AD%D8%A7%D8%AA&query_place_id=ChIJuS2NiURZ-BQRMWoScO0O7EA","5","Mona Ali","https://www.google.com/maps/reviews/data=!4m8!14m7!1m6!2m5!1sCi9DQUlRQUNvZENodHljRjlvT21wQlFtdDFWVFU0TUZOaVUycDFNVkZhVm1acVpGRRAB!2m1!1s0x0:0x40ec0eed70126a31!3m1!1s2@1:CAIQACodChtycF9oOmpBQmt1VTU4MFNiU2p1MVFaVmZqZFE%7C0ct_tgsLMdA%7C?hl=en","احسن وأشطر دكتور فعلآ والله عن تجربه بعد ما لفيت عند دكاترة كتير"
"مركز البسمة لطب الاسنان دكتور طنطاوي الشحات","https://www.google.com/maps/search/?api=1&query=%D9%85%D8%B1%D9%83%D8%B2%20%D8%A7%D9%84%D8%A8%D8%B3%D9%85%D8%A9%20%D9%84%D8%B7%D8%A8%20%D8%A7%D9%84%D8%A7%D8%B3%D9%86%D8%A7%D9%86%20%D8%AF%D9%83%D8%AA%D9%88%D8%B1%20%D8%B7%D9%86%D8%B7%D8%A7%D9%88%D9%8A%20%D8%A7%D9%84%D8%B4%D8%AD%D8%A7%D8%AA&query_place_id=ChIJuS2NiURZ-BQRMWoScO0O7EA","5","Dydjgf NG sesquiquadrate jj","https://www.google.com/maps/reviews/data=!4m8!14m7!1m6!2m5!1sCi9DQUlRQUNvZENodHljRjlvT21WZmMwRkdaMEZ4VFZwQ2NHTkdTbU40WWpoSlJHYxAB!2m1!1s0x0:0x40ec0eed70126a31!3m1!1s2@1:CAIQACodChtycF9oOmVfc0FGZ0FxTVpCcGNGSmN4YjhJRGc%7C0creGb_cENu%7C?hl=en","احلا د طنطاوي"
"مركز البسمة لطب الاسنان دكتور طنطاوي الشحات","https://www.google.com/maps/search/?api=1&query=%D9%85%D8%B1%D9%83%D8%B2%20%D8%A7%D9%84%D8%A8%D8%B3%D9%85%D8%A9%20%D9%84%D8%B7%D8%A8%20%D8%A7%D9%84%D8%A7%D8%B3%D9%86%D8%A7%D9%86%20%D8%AF%D9%83%D8%AA%D9%88%D8%B1%20%D8%B7%D9%86%D8%B7%D8%A7%D9%88%D9%8A%20%D8%A7%D9%84%D8%B4%D8%AD%D8%A7%D8%AA&query_place_id=ChIJuS2NiURZ-BQRMWoScO0O7EA","5","mo. shokry","https://www.google.com/maps/reviews/data=!4m8!14m7!1m6!2m5!1sCi9DQUlRQUNvZENodHljRjlvT2tOelZHMUJVRUZSU21wUkxVZFBObUpxV2tsclpVRRAB!2m1!1s0x0:0x40ec0eed70126a31!3m1!1s2@1:CAIQACodChtycF9oOkNzVG1BUEFRSmpRLUdPNmJqWklrZUE%7C0cra_1Hs_qx%7C?hl=en","افضل مركز والمعاملة كويسة اوي معاهم واحلا دكتور طنطاوي ♥️♥️"
"مركز البسمة لطب الاسنان دكتور طنطاوي الشحات","https://www.google.com/maps/search/?api=1&query=%D9%85%D8%B1%D9%83%D8%B2%20%D8%A7%D9%84%D8%A8%D8%B3%D9%85%D8%A9%20%D9%84%D8%B7%D8%A8%20%D8%A7%D9%84%D8%A7%D8%B3%D9%86%D8%A7%D9%86%20%D8%AF%D9%83%D8%AA%D9%88%D8%B1%20%D8%B7%D9%86%D8%B7%D8%A7%D9%88%D9%8A%20%D8%A7%D9%84%D8%B4%D8%AD%D8%A7%D8%AA&query_place_id=ChIJuS2NiURZ-BQRMWoScO0O7EA","5","Mai diab Elhawary","https://www.google.com/maps/reviews/data=!4m8!14m7!1m6!2m5!1sCi9DQUlRQUNvZENodHljRjlvT2xkc2VtbFZUMGRZVW1aSWEzUjZURzVtZUVsaGFtYxAB!2m1!1s0x0:0x40ec0eed70126a31!3m1!1s2@1:CAIQACodChtycF9oOldsemlVT0dYUmZIa3R6TG5meElhamc%7C0cqfDQ9ETHw%7C?hl=en",
"مركز البسمة لطب الاسنان دكتور طنطاوي الشحات","https://www.google.com/maps/search/?api=1&query=%D9%85%D8%B1%D9%83%D8%B2%20%D8%A7%D9%84%D8%A8%D8%B3%D9%85%D8%A9%20%D9%84%D8%B7%D8%A8%20%D8%A7%D9%84%D8%A7%D8%B3%D9%86%D8%A7%D9%86%20%D8%AF%D9%83%D8%AA%D9%88%D8%B1%20%D8%B7%D9%86%D8%B7%D8%A7%D9%88%D9%8A%20%D8%A7%D9%84%D8%B4%D8%AD%D8%A7%D8%AA&query_place_id=ChIJuS2NiURZ-BQRMWoScO0O7EA","5","Mohamed mosleh","https://www.google.com/maps/reviews/data=!4m8!14m7!1m6!2m5!1sCi9DQUlRQUNvZENodHljRjlvT21wVVNFZEhia2RtUkhJeE5tZ3hORVJZTVVWbFdYYxAB!2m1!1s0x0:0x40ec0eed70126a31!3m1!1s2@1:CAIQACodChtycF9oOmpUSEdHbkdmRHIxNmgxNERYMUVlWXc%7C0cqegbOPcq7%7C?hl=en","بجد من افضل مراكز الاسنان في الاسماعيليه شكرا جزيلا لحضرتك دطنطاوى وفريق العمل ❤️❤️"
"مركز البسمة لطب الاسنان دكتور طنطاوي الشحات","https://www.google.com/maps/search/?api=1&query=%D9%85%D8%B1%D9%83%D8%B2%20%D8%A7%D9%84%D8%A8%D8%B3%D9%85%D8%A9%20%D9%84%D8%B7%D8%A8%20%D8%A7%D9%84%D8%A7%D8%B3%D9%86%D8%A7%D9%86%20%D8%AF%D9%83%D8%AA%D9%88%D8%B1%20%D8%B7%D9%86%D8%B7%D8%A7%D9%88%D9%8A%20%D8%A7%D9%84%D8%B4%D8%AD%D8%A7%D8%AA&query_place_id=ChIJuS2NiURZ-BQRMWoScO0O7EA","5","Abdallah","https://www.google.com/maps/reviews/data=!4m8!14m7!1m6!2m5!1sCi9DQUlRQUNvZENodHljRjlvT2poVVZUWkRSV2xsUVhweU4wZGtkWEphYUZoSU9FRRAB!2m1!1s0x0:0x40ec0eed70126a31!3m1!1s2@1:CAIQACodChtycF9oOjhUVTZDRWllQXpyN0dkdXJaaFhIOEE%7C0cqN7TEeaEO%7C?hl=en","المكان نضيف والدكتور ماشاء الله شاطر والمساعدين كمان  🌼"
"مركز البسمة لطب الاسنان دكتور طنطاوي الشحات","https://www.google.com/maps/search/?api=1&query=%D9%85%D8%B1%D9%83%D8%B2%20%D8%A7%D9%84%D8%A8%D8%B3%D9%85%D8%A9%20%D9%84%D8%B7%D8%A8%20%D8%A7%D9%84%D8%A7%D8%B3%D9%86%D8%A7%D9%86%20%D8%AF%D9%83%D8%AA%D9%88%D8%B1%20%D8%B7%D9%86%D8%B7%D8%A7%D9%88%D9%8A%20%D8%A7%D9%84%D8%B4%D8%AD%D8%A7%D8%AA&query_place_id=ChIJuS2NiURZ-BQRMWoScO0O7EA","5","youmna ehab","https://www.google.com/maps/reviews/data=!4m8!14m7!1m6!2m5!1sCi9DQUlRQUNvZENodHljRjlvT2psdVdVbzFhbHB0Y20xamRXWnlkVFZMWVZWM1FsRRAB!2m1!1s0x0:0x40ec0eed70126a31!3m1!1s2@1:CAIQACodChtycF9oOjluWUo1alptcm1jdWZydTVLYVV3QlE%7C0cpKvwHYxqI%7C?hl=en","Amazing experience
معاملة كويسة جدا واهتمام ونظافة والدكتور شاطر ومتمكن من شغله"
"مركز البسمة لطب الاسنان دكتور طنطاوي الشحات","https://www.google.com/maps/search/?api=1&query=%D9%85%D8%B1%D9%83%D8%B2%20%D8%A7%D9%84%D8%A8%D8%B3%D9%85%D8%A9%20%D9%84%D8%B7%D8%A8%20%D8%A7%D9%84%D8%A7%D8%B3%D9%86%D8%A7%D9%86%20%D8%AF%D9%83%D8%AA%D9%88%D8%B1%20%D8%B7%D9%86%D8%B7%D8%A7%D9%88%D9%8A%20%D8%A7%D9%84%D8%B4%D8%AD%D8%A7%D8%AA&query_place_id=ChIJuS2NiURZ-BQRMWoScO0O7EA","5","Adel Sharf","https://www.google.com/maps/reviews/data=!4m8!14m7!1m6!2m5!1sCi9DQUlRQUNvZENodHljRjlvT2taMWIyWkVUMWx0YTNnd2Myd3lTRkZUVTNoRmNrRRAB!2m1!1s0x0:0x40ec0eed70126a31!3m1!1s2@1:CAIQACodChtycF9oOkZ1b2ZET1lta3gwc2wySFFTU3hFckE%7C0cpKkwjIp9-%7C?hl=en","مركز الدكتور طنطاوي ممتاز للغاية"
"مركز البسمة لطب الاسنان دكتور طنطاوي الشحات","https://www.google.com/maps/search/?api=1&query=%D9%85%D8%B1%D9%83%D8%B2%20%D8%A7%D9%84%D8%A8%D8%B3%D9%85%D8%A9%20%D9%84%D8%B7%D8%A8%20%D8%A7%D9%84%D8%A7%D8%B3%D9%86%D8%A7%D9%86%20%D8%AF%D9%83%D8%AA%D9%88%D8%B1%20%D8%B7%D9%86%D8%B7%D8%A7%D9%88%D9%8A%20%D8%A7%D9%84%D8%B4%D8%AD%D8%A7%D8%AA&query_place_id=ChIJuS2NiURZ-BQRMWoScO0O7EA","5","Mohamed Mahmoud","https://www.google.com/maps/reviews/data=!4m8!14m7!1m6!2m5!1sCi9DQUlRQUNvZENodHljRjlvT21kcmVqQXRlVWhJY0VsNFdERlhjemMxVTJwSFJWRRAB!2m1!1s0x0:0x40ec0eed70126a31!3m1!1s2@1:CAIQACodChtycF9oOmdrejAteUhIcEl4WDFXczc1U2pHRVE%7C0cpJv9JFzxg%7C?hl=en","المكان بصراحة نظيف جدا و دكتور  و اصطاف محترمين جدا و مفيش وجع ولا اي تعب"
"مركز البسمة لطب الاسنان دكتور طنطاوي الشحات","https://www.google.com/maps/search/?api=1&query=%D9%85%D8%B1%D9%83%D8%B2%20%D8%A7%D9%84%D8%A8%D8%B3%D9%85%D8%A9%20%D9%84%D8%B7%D8%A8%20%D8%A7%D9%84%D8%A7%D8%B3%D9%86%D8%A7%D9%86%20%D8%AF%D9%83%D8%AA%D9%88%D8%B1%20%D8%B7%D9%86%D8%B7%D8%A7%D9%88%D9%8A%20%D8%A7%D9%84%D8%B4%D8%AD%D8%A7%D8%AA&query_place_id=ChIJuS2NiURZ-BQRMWoScO0O7EA","5","mohamed hassan","https://www.google.com/maps/reviews/data=!4m8!14m7!1m6!2m5!1sCi9DQUlRQUNvZENodHljRjlvT2t0dVZFbEpiR2N5V1ZkRWIzQXpWbW96YmtGNGFYYxAB!2m1!1s0x0:0x40ec0eed70126a31!3m1!1s2@1:CAIQACodChtycF9oOktuVElJbGcyWVdEb3AzVmozbkF4aXc%7C0co-_FPguwm%7C?hl=en","روحت المركز  احسن مركز في الاسماعيليه التشخيص مظبوط و التعامل قمه في الاحترام و الادب و الدكاتره محترفين  ما شاء الله ♥️"
"مركز البسمة لطب الاسنان دكتور طنطاوي الشحات","https://www.google.com/maps/search/?api=1&query=%D9%85%D8%B1%D9%83%D8%B2%20%D8%A7%D9%84%D8%A8%D8%B3%D9%85%D8%A9%20%D9%84%D8%B7%D8%A8%20%D8%A7%D9%84%D8%A7%D8%B3%D9%86%D8%A7%D9%86%20%D8%AF%D9%83%D8%AA%D9%88%D8%B1%20%D8%B7%D9%86%D8%B7%D8%A7%D9%88%D9%8A%20%D8%A7%D9%84%D8%B4%D8%AD%D8%A7%D8%AA&query_place_id=ChIJuS2NiURZ-BQRMWoScO0O7EA","4","Mahmoud Nada","https://www.google.com/maps/reviews/data=!4m8!14m7!1m6!2m5!1sCi9DQUlRQUNvZENodHljRjlvT21JMlpWSlJaalZ5TW14eVNYVkNUako1U21sS1RsRRAB!2m1!1s0x0:0x40ec0eed70126a31!3m1!1s2@1:CAIQACodChtycF9oOmI2ZVJRZjVyMmxySXVCTjJ5SmlKTlE%7C0cmP5jRBdbA%7C?hl=en","اولا حابب اشكر دكتور طنطاوي على حسن استضافته ومعاملته الطيبه بخلاف وقته والامكانيات الل موجودة الل سهلت التشخيص بكل دقه وبوقت اقل طبعا بجانب خبرته الكبيره فشكر كبير ليه حقيقي"
"مركز البسمة لطب الاسنان دكتور طنطاوي الشحات","https://www.google.com/maps/search/?api=1&query=%D9%85%D8%B1%D9%83%D8%B2%20%D8%A7%D9%84%D8%A8%D8%B3%D9%85%D8%A9%20%D9%84%D8%B7%D8%A8%20%D8%A7%D9%84%D8%A7%D8%B3%D9%86%D8%A7%D9%86%20%D8%AF%D9%83%D8%AA%D9%88%D8%B1%20%D8%B7%D9%86%D8%B7%D8%A7%D9%88%D9%8A%20%D8%A7%D9%84%D8%B4%D8%AD%D8%A7%D8%AA&query_place_id=ChIJuS2NiURZ-BQRMWoScO0O7EA","5","اية علاء Aya alaa","https://www.google.com/maps/reviews/data=!4m8!14m7!1m6!2m5!1sCi9DQUlRQUNvZENodHljRjlvT2tKUFR6aEJieTFDZFhjeE5GRlBVVFJ2WVhBMFRrRRAB!2m1!1s0x0:0x40ec0eed70126a31!3m1!1s2@1:CAIQACodChtycF9oOkJPTzhBby1CdXcxNFFPUTRvYXA0TkE%7C0cm0-daAfuV%7C?hl=en","ممتاز"
"مركز البسمة لطب الاسنان دكتور طنطاوي الشحات","https://www.google.com/maps/search/?api=1&query=%D9%85%D8%B1%D9%83%D8%B2%20%D8%A7%D9%84%D8%A8%D8%B3%D9%85%D8%A9%20%D9%84%D8%B7%D8%A8%20%D8%A7%D9%84%D8%A7%D8%B3%D9%86%D8%A7%D9%86%20%D8%AF%D9%83%D8%AA%D9%88%D8%B1%20%D8%B7%D9%86%D8%B7%D8%A7%D9%88%D9%8A%20%D8%A7%D9%84%D8%B4%D8%AD%D8%A7%D8%AA&query_place_id=ChIJuS2NiURZ-BQRMWoScO0O7EA","5","Re Mo","https://www.google.com/maps/reviews/data=!4m8!14m7!1m6!2m5!1sCi9DQUlRQUNvZENodHljRjlvT25ObmVTMW9iVzFXVjB3elVIRnVXazFmVTBWcVJWRRAB!2m1!1s0x0:0x40ec0eed70126a31!3m1!1s2@1:CAIQACodChtycF9oOnNneS1obW1WV0wzUHFuWk1fU0VqRVE%7C0ck68AKl0Hf%7C?hl=en","المكان ممتاز ما شا الله وزوق  ف التعامل والتعقيم ممتاز ارشحهم بقوه"
"مركز البسمة لطب الاسنان دكتور طنطاوي الشحات","https://www.google.com/maps/search/?api=1&query=%D9%85%D8%B1%D9%83%D8%B2%20%D8%A7%D9%84%D8%A8%D8%B3%D9%85%D8%A9%20%D9%84%D8%B7%D8%A8%20%D8%A7%D9%84%D8%A7%D8%B3%D9%86%D8%A7%D9%86%20%D8%AF%D9%83%D8%AA%D9%88%D8%B1%20%D8%B7%D9%86%D8%B7%D8%A7%D9%88%D9%8A%20%D8%A7%D9%84%D8%B4%D8%AD%D8%A7%D8%AA&query_place_id=ChIJuS2NiURZ-BQRMWoScO0O7EA","5","Handa walid","https://www.google.com/maps/reviews/data=!4m8!14m7!1m6!2m5!1sCi9DQUlRQUNvZENodHljRjlvT2xrdFRsbGtXbE10TlhKaFJtcGhRbkpZZGtWWWJXYxAB!2m1!1s0x0:0x40ec0eed70126a31!3m1!1s2@1:CAIQACodChtycF9oOlktTllkWlMtNXJhRmphQnJYdkVYbWc%7C0ck5mKD3Bvi%7C?hl=en","بجد بجد دكتور طنطاوي  احسن و اشطر دكتورفالدنيا وربنا يبارك فيك💗💗💗"
"مركز البسمة لطب الاسنان دكتور طنطاوي الشحات","https://www.google.com/maps/search/?api=1&query=%D9%85%D8%B1%D9%83%D8%B2%20%D8%A7%D9%84%D8%A8%D8%B3%D9%85%D8%A9%20%D9%84%D8%B7%D8%A8%20%D8%A7%D9%84%D8%A7%D8%B3%D9%86%D8%A7%D9%86%20%D8%AF%D9%83%D8%AA%D9%88%D8%B1%20%D8%B7%D9%86%D8%B7%D8%A7%D9%88%D9%8A%20%D8%A7%D9%84%D8%B4%D8%AD%D8%A7%D8%AA&query_place_id=ChIJuS2NiURZ-BQRMWoScO0O7EA","5","183071 183071","https://www.google.com/maps/reviews/data=!4m8!14m7!1m6!2m5!1sCi9DQUlRQUNvZENodHljRjlvT2xWcFlTMDBVVzF2U1VoT1drbFFXbmRrUjFGMFJXYxAB!2m1!1s0x0:0x40ec0eed70126a31!3m1!1s2@1:CAIQACodChtycF9oOlVpYS00UW1vSUhOWklQWndkR1F0RWc%7C0ck53Aj7OZj%7C?hl=en","من أفضل المراكز انا روحت عن طريق تقييمات جوجل ممتازين"
"مركز البسمة لطب الاسنان دكتور طنطاوي الشحات","https://www.google.com/maps/search/?api=1&query=%D9%85%D8%B1%D9%83%D8%B2%20%D8%A7%D9%84%D8%A8%D8%B3%D9%85%D8%A9%20%D9%84%D8%B7%D8%A8%20%D8%A7%D9%84%D8%A7%D8%B3%D9%86%D8%A7%D9%86%20%D8%AF%D9%83%D8%AA%D9%88%D8%B1%20%D8%B7%D9%86%D8%B7%D8%A7%D9%88%D9%8A%20%D8%A7%D9%84%D8%B4%D8%AD%D8%A7%D8%AA&query_place_id=ChIJuS2NiURZ-BQRMWoScO0O7EA","5","Shimaa Ali","https://www.google.com/maps/reviews/data=!4m8!14m7!1m6!2m5!1sCi9DQUlRQUNvZENodHljRjlvT2t0VVNERjVlbTVWWlVGaU9YWlhiMWhEYmtWd2NsRRAB!2m1!1s0x0:0x40ec0eed70126a31!3m1!1s2@1:CAIQACodChtycF9oOktUSDF5em5VZUFiOXZXb1hDbkVwclE%7C0cjSRKMTw7L%7C?hl=en","بصراحه مركز جميل من أطباء ورييبشن وتمريض وتجربتى معاه بجد ممتازه"
"مركز البسمة لطب الاسنان دكتور طنطاوي الشحات","https://www.google.com/maps/search/?api=1&query=%D9%85%D8%B1%D9%83%D8%B2%20%D8%A7%D9%84%D8%A8%D8%B3%D9%85%D8%A9%20%D9%84%D8%B7%D8%A8%20%D8%A7%D9%84%D8%A7%D8%B3%D9%86%D8%A7%D9%86%20%D8%AF%D9%83%D8%AA%D9%88%D8%B1%20%D8%B7%D9%86%D8%B7%D8%A7%D9%88%D9%8A%20%D8%A7%D9%84%D8%B4%D8%AD%D8%A7%D8%AA&query_place_id=ChIJuS2NiURZ-BQRMWoScO0O7EA","5","asmaa ali","https://www.google.com/maps/reviews/data=!4m8!14m7!1m6!2m5!1sCi9DQUlRQUNvZENodHljRjlvT2pSbFlXcGpkWGhSWkZCT1RUZFlVbUZEVldaMFMwRRAB!2m1!1s0x0:0x40ec0eed70126a31!3m1!1s2@1:CAIQACodChtycF9oOjRlYWpjdXhRZFBOTTdYUmFDVWZ0S0E%7C0cjSETRDjLV%7C?hl=en","مركز تحفه والدكاتره فوق الممتاز"
"مركز البسمة لطب الاسنان دكتور طنطاوي الشحات","https://www.google.com/maps/search/?api=1&query=%D9%85%D8%B1%D9%83%D8%B2%20%D8%A7%D9%84%D8%A8%D8%B3%D9%85%D8%A9%20%D9%84%D8%B7%D8%A8%20%D8%A7%D9%84%D8%A7%D8%B3%D9%86%D8%A7%D9%86%20%D8%AF%D9%83%D8%AA%D9%88%D8%B1%20%D8%B7%D9%86%D8%B7%D8%A7%D9%88%D9%8A%20%D8%A7%D9%84%D8%B4%D8%AD%D8%A7%D8%AA&query_place_id=ChIJuS2NiURZ-BQRMWoScO0O7EA","5","Mode Khaled","https://www.google.com/maps/reviews/data=!4m8!14m7!1m6!2m5!1sCi9DQUlRQUNvZENodHljRjlvT2tFdFkxRnBhM3BOTTBjMU9HbDFSVGRNV2xWRFgzYxAB!2m1!1s0x0:0x40ec0eed70126a31!3m1!1s2@1:CAIQACodChtycF9oOkEtY1Fpa3pNM0c1OGl1RTdMWlVDX3c%7C0cjPuDj3127%7C?hl=en","مركز ممتاز"
"مركز البسمة لطب الاسنان دكتور طنطاوي الشحات","https://www.google.com/maps/search/?api=1&query=%D9%85%D8%B1%D9%83%D8%B2%20%D8%A7%D9%84%D8%A8%D8%B3%D9%85%D8%A9%20%D9%84%D8%B7%D8%A8%20%D8%A7%D9%84%D8%A7%D8%B3%D9%86%D8%A7%D9%86%20%D8%AF%D9%83%D8%AA%D9%88%D8%B1%20%D8%B7%D9%86%D8%B7%D8%A7%D9%88%D9%8A%20%D8%A7%D9%84%D8%B4%D8%AD%D8%A7%D8%AA&query_place_id=ChIJuS2NiURZ-BQRMWoScO0O7EA","5","Ehab Ahmed","https://www.google.com/maps/reviews/data=!4m8!14m7!1m6!2m5!1sCi9DQUlRQUNvZENodHljRjlvT2xJMWEwTlVkWEpxVG05SlNHNXhTamwwV1Vaa2QxRRAB!2m1!1s0x0:0x40ec0eed70126a31!3m1!1s2@1:CAIQACodChtycF9oOlI1a0NUdXJqTm9JSG5xSjl0WUZkd1E%7C0cglItfYO4v%7C?hl=en","ماشاء الله سرعة و جودة في الاتقان بارك الله فيكم يا دكتور"
"مركز البسمة لطب الاسنان دكتور طنطاوي الشحات","https://www.google.com/maps/search/?api=1&query=%D9%85%D8%B1%D9%83%D8%B2%20%D8%A7%D9%84%D8%A8%D8%B3%D9%85%D8%A9%20%D9%84%D8%B7%D8%A8%20%D8%A7%D9%84%D8%A7%D8%B3%D9%86%D8%A7%D9%86%20%D8%AF%D9%83%D8%AA%D9%88%D8%B1%20%D8%B7%D9%86%D8%B7%D8%A7%D9%88%D9%8A%20%D8%A7%D9%84%D8%B4%D8%AD%D8%A7%D8%AA&query_place_id=ChIJuS2NiURZ-BQRMWoScO0O7EA","5","Mido Al3asma","https://www.google.com/maps/reviews/data=!4m8!14m7!1m6!2m5!1sCi9DQUlRQUNvZENodHljRjlvT2kxTFJHbDJRemQwWDBOMlZIUmpjV0p6WXkxQllVRRAB!2m1!1s0x0:0x40ec0eed70126a31!3m1!1s2@1:CAIQACodChtycF9oOi1LRGl2Qzd0X0N2VHRjcWJzYy1BYUE%7C0cg7jFjzXAZ%7C?hl=en","تسلم ايدك يا اسطر دكتور خلعت ضرس العقل ف دقائق مش حسيت ب اي وجع شكرا اوووي يا اشطر دكتور"
"مركز البسمة لطب الاسنان دكتور طنطاوي الشحات","https://www.google.com/maps/search/?api=1&query=%D9%85%D8%B1%D9%83%D8%B2%20%D8%A7%D9%84%D8%A8%D8%B3%D9%85%D8%A9%20%D9%84%D8%B7%D8%A8%20%D8%A7%D9%84%D8%A7%D8%B3%D9%86%D8%A7%D9%86%20%D8%AF%D9%83%D8%AA%D9%88%D8%B1%20%D8%B7%D9%86%D8%B7%D8%A7%D9%88%D9%8A%20%D8%A7%D9%84%D8%B4%D8%AD%D8%A7%D8%AA&query_place_id=ChIJuS2NiURZ-BQRMWoScO0O7EA","5","soraya mahmoud","https://www.google.com/maps/reviews/data=!4m8!14m7!1m6!2m5!1sCi9DQUlRQUNvZENodHljRjlvT25nMFRGTTBjbE5YZFdoUWJEaFBiemxQTUZCcmMwRRAB!2m1!1s0x0:0x40ec0eed70126a31!3m1!1s2@1:CAIQACodChtycF9oOng0TFM0clNXdWhQbDhPbzlPMFBrc0E%7C0cfNxGGeb1u%7C?hl=en","حقيقي دكتور ممتاز جدااا انا كنت بخاف اوي من دكاتره الاسنان بس اول مره مخفش ومحسش ب اي حاجه من اول حقنه البنج الي محستش نهاائي بيها و الخلع شكراا ليكم بجد ♥️♥️♥️💯"
"مركز البسمة لطب الاسنان دكتور طنطاوي الشحات","https://www.google.com/maps/search/?api=1&query=%D9%85%D8%B1%D9%83%D8%B2%20%D8%A7%D9%84%D8%A8%D8%B3%D9%85%D8%A9%20%D9%84%D8%B7%D8%A8%20%D8%A7%D9%84%D8%A7%D8%B3%D9%86%D8%A7%D9%86%20%D8%AF%D9%83%D8%AA%D9%88%D8%B1%20%D8%B7%D9%86%D8%B7%D8%A7%D9%88%D9%8A%20%D8%A7%D9%84%D8%B4%D8%AD%D8%A7%D8%AA&query_place_id=ChIJuS2NiURZ-BQRMWoScO0O7EA","5","Mahmoud Khfaga","https://www.google.com/maps/reviews/data=!4m8!14m7!1m6!2m5!1sCi9DQUlRQUNvZENodHljRjlvT2swMFNVcHBWbGN0YW5aUlIwVkZhamhqVFdab1gxRRAB!2m1!1s0x0:0x40ec0eed70126a31!3m1!1s2@1:CAIQACodChtycF9oOk00SUppVlctanZRR0VFajhjTWZoX1E%7C0caXKySvXT2%7C?hl=en","دكاتره محترمه جدا و شكرا لمجهودهم بجد"
"مركز البسمة لطب الاسنان دكتور طنطاوي الشحات","https://www.google.com/maps/search/?api=1&query=%D9%85%D8%B1%D9%83%D8%B2%20%D8%A7%D9%84%D8%A8%D8%B3%D9%85%D8%A9%20%D9%84%D8%B7%D8%A8%20%D8%A7%D9%84%D8%A7%D8%B3%D9%86%D8%A7%D9%86%20%D8%AF%D9%83%D8%AA%D9%88%D8%B1%20%D8%B7%D9%86%D8%B7%D8%A7%D9%88%D9%8A%20%D8%A7%D9%84%D8%B4%D8%AD%D8%A7%D8%AA&query_place_id=ChIJuS2NiURZ-BQRMWoScO0O7EA","5","Ahmed Saad","https://www.google.com/maps/reviews/data=!4m8!14m7!1m6!2m5!1sCi9DQUlRQUNvZENodHljRjlvT2sxMUxVd3hjRU40TWtRNGJrbHJOV3RNWWpKRlUyYxAB!2m1!1s0x0:0x40ec0eed70126a31!3m1!1s2@1:CAIQACodChtycF9oOk11LUwxcEN4MkQ4bklrNWtMYjJFU2c%7C0caX9iMSRXv%7C?hl=en","مركز محترم وتهامل راقي وتعقيم ممتاز جدا
بصراحه ارشحه لاي حد انا رحت ليهم من خلال التقيممات"
"مركز البسمة لطب الاسنان دكتور طنطاوي الشحات","https://www.google.com/maps/search/?api=1&query=%D9%85%D8%B1%D9%83%D8%B2%20%D8%A7%D9%84%D8%A8%D8%B3%D9%85%D8%A9%20%D9%84%D8%B7%D8%A8%20%D8%A7%D9%84%D8%A7%D8%B3%D9%86%D8%A7%D9%86%20%D8%AF%D9%83%D8%AA%D9%88%D8%B1%20%D8%B7%D9%86%D8%B7%D8%A7%D9%88%D9%8A%20%D8%A7%D9%84%D8%B4%D8%AD%D8%A7%D8%AA&query_place_id=ChIJuS2NiURZ-BQRMWoScO0O7EA","5","Samar Abd elfatah","https://www.google.com/maps/reviews/data=!4m8!14m7!1m6!2m5!1sCi9DQUlRQUNvZENodHljRjlvT21KbFRIVnpMVzVvTTFCeU1XWXRRWE5DTWt0WVZXYxAB!2m1!1s0x0:0x40ec0eed70126a31!3m1!1s2@1:CAIQACodChtycF9oOmJlTHVzLW5oM1ByMWYtQXNCMktYVWc%7C0caX0trTMv2%7C?hl=en","شغل ممتاز ربنا يبارك فيكم"
"مركز البسمة لطب الاسنان دكتور طنطاوي الشحات","https://www.google.com/maps/search/?api=1&query=%D9%85%D8%B1%D9%83%D8%B2%20%D8%A7%D9%84%D8%A8%D8%B3%D9%85%D8%A9%20%D9%84%D8%B7%D8%A8%20%D8%A7%D9%84%D8%A7%D8%B3%D9%86%D8%A7%D9%86%20%D8%AF%D9%83%D8%AA%D9%88%D8%B1%20%D8%B7%D9%86%D8%B7%D8%A7%D9%88%D9%8A%20%D8%A7%D9%84%D8%B4%D8%AD%D8%A7%D8%AA&query_place_id=ChIJuS2NiURZ-BQRMWoScO0O7EA","5","Samir Hendy","https://www.google.com/maps/reviews/data=!4m8!14m7!1m6!2m5!1sCi9DQUlRQUNvZENodHljRjlvT2xWaFRFWkVVbTh0Ym1ZNU9TMTRNRWRUZFV4clRHYxAB!2m1!1s0x0:0x40ec0eed70126a31!3m1!1s2@1:CAIQACodChtycF9oOlVhTEZEUm8tbmY5OS14MEdTdUxrTGc%7C0caCVnh1ggR%7C?hl=en","مركز محترم مقابلة ممتازة العيادة نظيفة جدا والأهم دكتور طنطاوي أخلاق تواضع ابتسامة تمنياتى بدوام التوفيق والتقدم"
"مركز البسمة لطب الاسنان دكتور طنطاوي الشحات","https://www.google.com/maps/search/?api=1&query=%D9%85%D8%B1%D9%83%D8%B2%20%D8%A7%D9%84%D8%A8%D8%B3%D9%85%D8%A9%20%D9%84%D8%B7%D8%A8%20%D8%A7%D9%84%D8%A7%D8%B3%D9%86%D8%A7%D9%86%20%D8%AF%D9%83%D8%AA%D9%88%D8%B1%20%D8%B7%D9%86%D8%B7%D8%A7%D9%88%D9%8A%20%D8%A7%D9%84%D8%B4%D8%AD%D8%A7%D8%AA&query_place_id=ChIJuS2NiURZ-BQRMWoScO0O7EA","1","فاطمه البيطار","https://www.google.com/maps/reviews/data=!4m8!14m7!1m6!2m5!1sCi9DQUlRQUNvZENodHljRjlvT2xaV2RFeGZXSEphYlVsS1lYb3daMnQwY1c1SlMxRRAB!2m1!1s0x0:0x40ec0eed70126a31!3m1!1s2@1:CAIQACodChtycF9oOlZWdExfWHJabUlKYXowZ2t0cW5JS1E%7C0c_EIikIy1A%7C?hl=en","أسوء دكتور واسوء عياده واستهتار بالمريض وفي واحده من التمريض ماشيه بمانجه بتاكلها اده مش ممكن  والمعدات مش نظيفه منصحشي بيه أبدا"
"مركز البسمة لطب الاسنان دكتور طنطاوي الشحات","https://www.google.com/maps/search/?api=1&query=%D9%85%D8%B1%D9%83%D8%B2%20%D8%A7%D9%84%D8%A8%D8%B3%D9%85%D8%A9%20%D9%84%D8%B7%D8%A8%20%D8%A7%D9%84%D8%A7%D8%B3%D9%86%D8%A7%D9%86%20%D8%AF%D9%83%D8%AA%D9%88%D8%B1%20%D8%B7%D9%86%D8%B7%D8%A7%D9%88%D9%8A%20%D8%A7%D9%84%D8%B4%D8%AD%D8%A7%D8%AA&query_place_id=ChIJuS2NiURZ-BQRMWoScO0O7EA","5","ESoo Mohamed","https://www.google.com/maps/reviews/data=!4m8!14m7!1m6!2m5!1sCi9DQUlRQUNvZENodHljRjlvT2pSdlR6TjBXRzV3Wm1jeVdrSjJNME5YVUdsemIyYxAB!2m1!1s0x0:0x40ec0eed70126a31!3m1!1s2@1:CAIQACodChtycF9oOjRvTzN0WG5wZmcyWkJ2M0NXUGlzb2c%7C0cWEsFsfO88%7C?hl=en",
"مركز البسمة لطب الاسنان دكتور طنطاوي الشحات","https://www.google.com/maps/search/?api=1&query=%D9%85%D8%B1%D9%83%D8%B2%20%D8%A7%D9%84%D8%A8%D8%B3%D9%85%D8%A9%20%D9%84%D8%B7%D8%A8%20%D8%A7%D9%84%D8%A7%D8%B3%D9%86%D8%A7%D9%86%20%D8%AF%D9%83%D8%AA%D9%88%D8%B1%20%D8%B7%D9%86%D8%B7%D8%A7%D9%88%D9%8A%20%D8%A7%D9%84%D8%B4%D8%AD%D8%A7%D8%AA&query_place_id=ChIJuS2NiURZ-BQRMWoScO0O7EA","5","Ahmed Mohamed","https://www.google.com/maps/reviews/data=!4m8!14m7!1m6!2m5!1sCi9DQUlRQUNvZENodHljRjlvT2tvM1NIRjFRMDQ1ZG5vMmVYbGlSWE51WVUxM1JrRRAB!2m1!1s0x0:0x40ec0eed70126a31!3m1!1s2@1:CAIQACodChtycF9oOko3SHF1Q045dno2eXliRXNuYU13RkE%7C0cTFexYtv8-%7C?hl=en","شكرا دكتور طنطاوي و شكرا لكل الدكاترة اللي موجودين من أحسن مراكز طب الأسنان و ربنا يوفقكم دايما ♥️♥️♥️"
"مركز البسمة لطب الاسنان دكتور طنطاوي الشحات","https://www.google.com/maps/search/?api=1&query=%D9%85%D8%B1%D9%83%D8%B2%20%D8%A7%D9%84%D8%A8%D8%B3%D9%85%D8%A9%20%D9%84%D8%B7%D8%A8%20%D8%A7%D9%84%D8%A7%D8%B3%D9%86%D8%A7%D9%86%20%D8%AF%D9%83%D8%AA%D9%88%D8%B1%20%D8%B7%D9%86%D8%B7%D8%A7%D9%88%D9%8A%20%D8%A7%D9%84%D8%B4%D8%AD%D8%A7%D8%AA&query_place_id=ChIJuS2NiURZ-BQRMWoScO0O7EA","5","Othman Mohamed","https://www.google.com/maps/reviews/data=!4m8!14m7!1m6!2m5!1sCi9DQUlRQUNvZENodHljRjlvT25WTllXRk5TV0pMYUVoeE1IWlROVlZ5UkhWdmFFRRAB!2m1!1s0x0:0x40ec0eed70126a31!3m1!1s2@1:CAIQACodChtycF9oOnVNYWFNSWJLaEhxMHZTNVVyRHVvaEE%7C0cSHLUt14LQ%7C?hl=en","الدكتور محترم جدًا وبيشرح كل خطوة بهدوء واهتمام، وبيحسسك إنك في أيد أمينة.
العيادة بسيطة ونضيفة، مفيهاش زحمة، وفي هدوء بيريّح.
المعاملة كلها إنسانية ومحترفة، والأسعار كمان مناسبة جدًا بالنسبة لجودة الشغل.
أنصح أي حد محتاج دكتور أسنان شاطر وضميره صاحي يروّح له"
"مركز البسمة لطب الاسنان دكتور طنطاوي الشحات","https://www.google.com/maps/search/?api=1&query=%D9%85%D8%B1%D9%83%D8%B2%20%D8%A7%D9%84%D8%A8%D8%B3%D9%85%D8%A9%20%D9%84%D8%B7%D8%A8%20%D8%A7%D9%84%D8%A7%D8%B3%D9%86%D8%A7%D9%86%20%D8%AF%D9%83%D8%AA%D9%88%D8%B1%20%D8%B7%D9%86%D8%B7%D8%A7%D9%88%D9%8A%20%D8%A7%D9%84%D8%B4%D8%AD%D8%A7%D8%AA&query_place_id=ChIJuS2NiURZ-BQRMWoScO0O7EA","5","Noga Mahmoud","https://www.google.com/maps/reviews/data=!4m8!14m7!1m6!2m5!1sCi9DQUlRQUNvZENodHljRjlvT2tacFYySkdUMGg1TjAxelFWSk5VSHBQY1hBd2RIYxAB!2m1!1s0x0:0x40ec0eed70126a31!3m1!1s2@1:CAIQACodChtycF9oOkZpV2JGT0h5N01zQVJNUHpPcXAwdHc%7C0cMMBF7B0C-%7C?hl=en","الف شكر لدكتور طنطاوى من أفضل دكاترة الأسنان فى الاسماعيلية مهما قلت على أمانته وجدعنته وشطارته مش هوفيه حقه وعن تجربة اقسم بالله مش تجارة هى شطارة بجد.. ربنا يبارك فيك يادكتور"
"مركز البسمة لطب الاسنان دكتور طنطاوي الشحات","https://www.google.com/maps/search/?api=1&query=%D9%85%D8%B1%D9%83%D8%B2%20%D8%A7%D9%84%D8%A8%D8%B3%D9%85%D8%A9%20%D9%84%D8%B7%D8%A8%20%D8%A7%D9%84%D8%A7%D8%B3%D9%86%D8%A7%D9%86%20%D8%AF%D9%83%D8%AA%D9%88%D8%B1%20%D8%B7%D9%86%D8%B7%D8%A7%D9%88%D9%8A%20%D8%A7%D9%84%D8%B4%D8%AD%D8%A7%D8%AA&query_place_id=ChIJuS2NiURZ-BQRMWoScO0O7EA","1","Nevien Abd Al-Aziz","https://www.google.com/maps/reviews/data=!4m8!14m7!1m6!2m5!1sCi9DQUlRQUNvZENodHljRjlvT25ONWRERXpUVVEzUVZVNFozVjJVSEJrUkdrMFEwRRAB!2m1!1s0x0:0x40ec0eed70126a31!3m1!1s2@1:CAIQACodChtycF9oOnN5dDEzTUQ3QVU4Z3V2UHBkRGk0Q0E%7C0cK85XcEaUb%7C?hl=en","اسوأ استقبال من الريسبشنيست
لدرجة انهم بيعلقوا علي الناس وهما قدامهم
منتهي قلة الذوق وقلة حاجات كتير"
"مركز البسمة لطب الاسنان دكتور طنطاوي الشحات","https://www.google.com/maps/search/?api=1&query=%D9%85%D8%B1%D9%83%D8%B2%20%D8%A7%D9%84%D8%A8%D8%B3%D9%85%D8%A9%20%D9%84%D8%B7%D8%A8%20%D8%A7%D9%84%D8%A7%D8%B3%D9%86%D8%A7%D9%86%20%D8%AF%D9%83%D8%AA%D9%88%D8%B1%20%D8%B7%D9%86%D8%B7%D8%A7%D9%88%D9%8A%20%D8%A7%D9%84%D8%B4%D8%AD%D8%A7%D8%AA&query_place_id=ChIJuS2NiURZ-BQRMWoScO0O7EA","5","Khaled Emam","https://www.google.com/maps/reviews/data=!4m8!14m7!1m6!2m5!1sCi9DQUlRQUNvZENodHljRjlvT21aRFYxUnRaRnB4TlU0MllrRm5UMUpMU21GRGNGRRAB!2m1!1s0x0:0x40ec0eed70126a31!3m1!1s2@1:CAIQACodChtycF9oOmZDV1RtZFpxNU42YkFnT1JLSmFDcFE%7C0cIaqAS5zIN%7C?hl=en","Amazing experience!!!

I had a truly outstanding experience at Smile Center in Ismailia with Dr. Tantawy Elshahat. I was dealing with a painful wisdom tooth, and after consulting with several dentists who insisted that minor surgery would be necessary, I was lucky to find Dr. Tantawy. His expertise and calm approach made all the difference—he managed the entire procedure smoothly, with minimal pain and no surgery at all. It was honestly a huge relief.

From the moment I walked in, I was impressed by the professionalism and care shown by the entire team—from the receptionist, to the nurses, the scanning specialist, and the doctor’s assistant. Everyone made me feel comfortable, informed, and truly cared for.

Even before my visit, the customer service team was responsive and encouraging, which played a big role in helping me decide to go. I’m incredibly grateful for the excellent care I received and highly recommend Dr. Tantawy and the Smile Center to anyone looking for trustworthy and gentle dental treatment. I will definitely be visiting again for any future dental needs!"
"مركز البسمة لطب الاسنان دكتور طنطاوي الشحات","https://www.google.com/maps/search/?api=1&query=%D9%85%D8%B1%D9%83%D8%B2%20%D8%A7%D9%84%D8%A8%D8%B3%D9%85%D8%A9%20%D9%84%D8%B7%D8%A8%20%D8%A7%D9%84%D8%A7%D8%B3%D9%86%D8%A7%D9%86%20%D8%AF%D9%83%D8%AA%D9%88%D8%B1%20%D8%B7%D9%86%D8%B7%D8%A7%D9%88%D9%8A%20%D8%A7%D9%84%D8%B4%D8%AD%D8%A7%D8%AA&query_place_id=ChIJuS2NiURZ-BQRMWoScO0O7EA","5","maha mansour","https://www.google.com/maps/reviews/data=!4m8!14m7!1m6!2m5!1sChdDSUhNMG9nS0VQVFc0LUc0OFotTzF3RRAB!2m1!1s0x0:0x40ec0eed70126a31!3m1!1s2@1:CIHM0ogKEPTW4-G48Z-O1wE%7CCgwIvbHRwQYQoIu03QE%7C?hl=en","الف شكر لدكتور طنطاوي دكتور مش  مادي ومحترم وخلوق جدا"
"مركز البسمة لطب الاسنان دكتور طنطاوي الشحات","https://www.google.com/maps/search/?api=1&query=%D9%85%D8%B1%D9%83%D8%B2%20%D8%A7%D9%84%D8%A8%D8%B3%D9%85%D8%A9%20%D9%84%D8%B7%D8%A8%20%D8%A7%D9%84%D8%A7%D8%B3%D9%86%D8%A7%D9%86%20%D8%AF%D9%83%D8%AA%D9%88%D8%B1%20%D8%B7%D9%86%D8%B7%D8%A7%D9%88%D9%8A%20%D8%A7%D9%84%D8%B4%D8%AD%D8%A7%D8%AA&query_place_id=ChIJuS2NiURZ-BQRMWoScO0O7EA","5","MeNna M3tOuK (‫ماموشكا‬‎)","https://www.google.com/maps/reviews/data=!4m8!14m7!1m6!2m5!1sChdDSUhNMG9nS0VQclMzOEt6bzRIbzJ3RRAB!2m1!1s0x0:0x40ec0eed70126a31!3m1!1s2@1:CIHM0ogKEPrS38Kzo4Ho2wE%7CCgwIvretwQYQwIec2AI%7C?hl=en","مركز جميل ونضيف جداً والدكاترة ممتازة"
"مركز البسمة لطب الاسنان دكتور طنطاوي الشحات","https://www.google.com/maps/search/?api=1&query=%D9%85%D8%B1%D9%83%D8%B2%20%D8%A7%D9%84%D8%A8%D8%B3%D9%85%D8%A9%20%D9%84%D8%B7%D8%A8%20%D8%A7%D9%84%D8%A7%D8%B3%D9%86%D8%A7%D9%86%20%D8%AF%D9%83%D8%AA%D9%88%D8%B1%20%D8%B7%D9%86%D8%B7%D8%A7%D9%88%D9%8A%20%D8%A7%D9%84%D8%B4%D8%AD%D8%A7%D8%AA&query_place_id=ChIJuS2NiURZ-BQRMWoScO0O7EA","5","Smile Center","https://www.google.com/maps/reviews/data=!4m8!14m7!1m6!2m5!1sChZDSUhNMG9nS0VNbW40b1dXaThLcGZBEAE!2m1!1s0x0:0x40ec0eed70126a31!3m1!1s2@1:CIHM0ogKEMmn4oWWi8KpfA%7CCgsI0N6BwQYQyNDYYg%7C?hl=en","اللهم بارك لنا واستخدمنا ولا تستبدلنا"
"مركز البسمة لطب الاسنان دكتور طنطاوي الشحات","https://www.google.com/maps/search/?api=1&query=%D9%85%D8%B1%D9%83%D8%B2%20%D8%A7%D9%84%D8%A8%D8%B3%D9%85%D8%A9%20%D9%84%D8%B7%D8%A8%20%D8%A7%D9%84%D8%A7%D8%B3%D9%86%D8%A7%D9%86%20%D8%AF%D9%83%D8%AA%D9%88%D8%B1%20%D8%B7%D9%86%D8%B7%D8%A7%D9%88%D9%8A%20%D8%A7%D9%84%D8%B4%D8%AD%D8%A7%D8%AA&query_place_id=ChIJuS2NiURZ-BQRMWoScO0O7EA","5","Nada Reda","https://www.google.com/maps/reviews/data=!4m8!14m7!1m6!2m5!1sChdDSUhNMG9nS0VJQ0FnTURROWRyTnhnRRAB!2m1!1s0x0:0x40ec0eed70126a31!3m1!1s2@1:CIHM0ogKEICAgMDQ9drNxgE%7CCgwIp_3-vwYQkNPWwQE%7C?hl=en","افضل دكتور في الابطال عامه وعن تجربه حقيقي كل حاجه عندهم تحفه نضافه استقبال تعقيم تعامل كل حاجه بريفكت حقيقي وكل الدكاتره الي مع حضرتك ممتازين وكل النااس بتشكر فيهم وبتوفيق إن شاءلله ومن نجاح لنجاح دايم يارب"
"مركز البسمة لطب الاسنان دكتور طنطاوي الشحات","https://www.google.com/maps/search/?api=1&query=%D9%85%D8%B1%D9%83%D8%B2%20%D8%A7%D9%84%D8%A8%D8%B3%D9%85%D8%A9%20%D9%84%D8%B7%D8%A8%20%D8%A7%D9%84%D8%A7%D8%B3%D9%86%D8%A7%D9%86%20%D8%AF%D9%83%D8%AA%D9%88%D8%B1%20%D8%B7%D9%86%D8%B7%D8%A7%D9%88%D9%8A%20%D8%A7%D9%84%D8%B4%D8%AD%D8%A7%D8%AA&query_place_id=ChIJuS2NiURZ-BQRMWoScO0O7EA","5","يوسف","https://www.google.com/maps/reviews/data=!4m8!14m7!1m6!2m5!1sChdDSUhNMG9nS0VJQ0FnTURROWZxMHBRRRAB!2m1!1s0x0:0x40ec0eed70126a31!3m1!1s2@1:CIHM0ogKEICAgMDQ9fq0pQE%7CCgsIrfv-vwYQ6OHVLQ%7C?hl=en","ماشا الله اسعار هم كويسه و ممتازين عن تجربه"
"مركز البسمة لطب الاسنان دكتور طنطاوي الشحات","https://www.google.com/maps/search/?api=1&query=%D9%85%D8%B1%D9%83%D8%B2%20%D8%A7%D9%84%D8%A8%D8%B3%D9%85%D8%A9%20%D9%84%D8%B7%D8%A8%20%D8%A7%D9%84%D8%A7%D8%B3%D9%86%D8%A7%D9%86%20%D8%AF%D9%83%D8%AA%D9%88%D8%B1%20%D8%B7%D9%86%D8%B7%D8%A7%D9%88%D9%8A%20%D8%A7%D9%84%D8%B4%D8%AD%D8%A7%D8%AA&query_place_id=ChIJuS2NiURZ-BQRMWoScO0O7EA","5","Hamza Ezz","https://www.google.com/maps/reviews/data=!4m8!14m7!1m6!2m5!1sChZDSUhNMG9nS0VJQ0FnTUNvX0kzUlNREAE!2m1!1s0x0:0x40ec0eed70126a31!3m1!1s2@1:CIHM0ogKEICAgMCo_I3RSQ%7CCgwI2dn5vwYQ4MLohAI%7C?hl=en","ممتاز عن تجربه"
"مركز البسمة لطب الاسنان دكتور طنطاوي الشحات","https://www.google.com/maps/search/?api=1&query=%D9%85%D8%B1%D9%83%D8%B2%20%D8%A7%D9%84%D8%A8%D8%B3%D9%85%D8%A9%20%D9%84%D8%B7%D8%A8%20%D8%A7%D9%84%D8%A7%D8%B3%D9%86%D8%A7%D9%86%20%D8%AF%D9%83%D8%AA%D9%88%D8%B1%20%D8%B7%D9%86%D8%B7%D8%A7%D9%88%D9%8A%20%D8%A7%D9%84%D8%B4%D8%AD%D8%A7%D8%AA&query_place_id=ChIJuS2NiURZ-BQRMWoScO0O7EA","5","Mahmoud Ahed Sultan","https://www.google.com/maps/reviews/data=!4m8!14m7!1m6!2m5!1sChdDSUhNMG9nS0VJQ0FnTUR3X2MzUjJRRRAB!2m1!1s0x0:0x40ec0eed70126a31!3m1!1s2@1:CIHM0ogKEICAgMDw_c3R2QE%7CCgwI0veWvwYQqNSBgwM%7C?hl=en","كل الشكر والتقدير ❤️🫡
د/ طنطاوي والطاقم الطبي خاصة
د/رؤي و د/ميرنا محمود
علي تفانيهم في العمل و مجهودهم معايا و صبرهم عشان تعبتهم جدا و بيغمي عليا من اي حقنه زي فوبيا كدا من الحقن و بجد
الدكتور شاطرة جدا و شغلها محترم و اهم حاجة عندها راحة المريض و عدم وجود ألم تماما أثناء الشغل
و لفت انتباهي لاهم شئ و هي الجوده و النظافه و السرعه و المواعيد و عدم الاحساس بالالم ربنا يباركلكم جميعا"
"مركز البسمة لطب الاسنان دكتور طنطاوي الشحات","https://www.google.com/maps/search/?api=1&query=%D9%85%D8%B1%D9%83%D8%B2%20%D8%A7%D9%84%D8%A8%D8%B3%D9%85%D8%A9%20%D9%84%D8%B7%D8%A8%20%D8%A7%D9%84%D8%A7%D8%B3%D9%86%D8%A7%D9%86%20%D8%AF%D9%83%D8%AA%D9%88%D8%B1%20%D8%B7%D9%86%D8%B7%D8%A7%D9%88%D9%8A%20%D8%A7%D9%84%D8%B4%D8%AD%D8%A7%D8%AA&query_place_id=ChIJuS2NiURZ-BQRMWoScO0O7EA","5","Amll Ahmed","https://www.google.com/maps/reviews/data=!4m8!14m7!1m6!2m5!1sChdDSUhNMG9nS0VJQ0FnTUN3dHVQeHlRRRAB!2m1!1s0x0:0x40ec0eed70126a31!3m1!1s2@1:CIHM0ogKEICAgMCwtuPxyQE%7CCgwImI_nvgYQ6KCc4AE%7C?hl=en","والله احسن دكتور في الدنيا ربنا يبارك فيه ولدتي كانت تعبانه جدا من ضرسها بقالها فتره وراحت مستشفي طب الاسنان واكتر من واحد حاول يقلع الضرس معرفش هو الوحيد اللي اول ما حط ايدو خلعه بكل سهوله ربنا يبارك فيه من احسن الدكاتره في اسماعليه"
"مركز البسمة لطب الاسنان دكتور طنطاوي الشحات","https://www.google.com/maps/search/?api=1&query=%D9%85%D8%B1%D9%83%D8%B2%20%D8%A7%D9%84%D8%A8%D8%B3%D9%85%D8%A9%20%D9%84%D8%B7%D8%A8%20%D8%A7%D9%84%D8%A7%D8%B3%D9%86%D8%A7%D9%86%20%D8%AF%D9%83%D8%AA%D9%88%D8%B1%20%D8%B7%D9%86%D8%B7%D8%A7%D9%88%D9%8A%20%D8%A7%D9%84%D8%B4%D8%AD%D8%A7%D8%AA&query_place_id=ChIJuS2NiURZ-BQRMWoScO0O7EA","5","Ola Waleed","https://www.google.com/maps/reviews/data=!4m8!14m7!1m6!2m5!1sChZDSUhNMG9nS0VJQ0FnTURRNC1hTVBBEAE!2m1!1s0x0:0x40ec0eed70126a31!3m1!1s2@1:CIHM0ogKEICAgMDQ4-aMPA%7CCgwIvPHMvgYQwLzinAM%7C?hl=en",
"مركز البسمة لطب الاسنان دكتور طنطاوي الشحات","https://www.google.com/maps/search/?api=1&query=%D9%85%D8%B1%D9%83%D8%B2%20%D8%A7%D9%84%D8%A8%D8%B3%D9%85%D8%A9%20%D9%84%D8%B7%D8%A8%20%D8%A7%D9%84%D8%A7%D8%B3%D9%86%D8%A7%D9%86%20%D8%AF%D9%83%D8%AA%D9%88%D8%B1%20%D8%B7%D9%86%D8%B7%D8%A7%D9%88%D9%8A%20%D8%A7%D9%84%D8%B4%D8%AD%D8%A7%D8%AA&query_place_id=ChIJuS2NiURZ-BQRMWoScO0O7EA","5","مي محمد","https://www.google.com/maps/reviews/data=!4m8!14m7!1m6!2m5!1sChdDSUhNMG9nS0VJQ0FnTURROWZxVHRBRRAB!2m1!1s0x0:0x40ec0eed70126a31!3m1!1s2@1:CIHM0ogKEICAgMDQ9fqTtAE%7CCgsItLvMvgYQ6JuoKA%7C?hl=en",
"مركز البسمة لطب الاسنان دكتور طنطاوي الشحات","https://www.google.com/maps/search/?api=1&query=%D9%85%D8%B1%D9%83%D8%B2%20%D8%A7%D9%84%D8%A8%D8%B3%D9%85%D8%A9%20%D9%84%D8%B7%D8%A8%20%D8%A7%D9%84%D8%A7%D8%B3%D9%86%D8%A7%D9%86%20%D8%AF%D9%83%D8%AA%D9%88%D8%B1%20%D8%B7%D9%86%D8%B7%D8%A7%D9%88%D9%8A%20%D8%A7%D9%84%D8%B4%D8%AD%D8%A7%D8%AA&query_place_id=ChIJuS2NiURZ-BQRMWoScO0O7EA","5","katrenna karm","https://www.google.com/maps/reviews/data=!4m8!14m7!1m6!2m5!1sChdDSUhNMG9nS0VJQ0FnTURRaHFXMjJRRRAB!2m1!1s0x0:0x40ec0eed70126a31!3m1!1s2@1:CIHM0ogKEICAgMDQhqW22QE%7CCgwI7-a8vgYQ-Pzr0gE%7C?hl=en","تجربة ممتازة و المركز في منتهي الجماال"
"مركز البسمة لطب الاسنان دكتور طنطاوي الشحات","https://www.google.com/maps/search/?api=1&query=%D9%85%D8%B1%D9%83%D8%B2%20%D8%A7%D9%84%D8%A8%D8%B3%D9%85%D8%A9%20%D9%84%D8%B7%D8%A8%20%D8%A7%D9%84%D8%A7%D8%B3%D9%86%D8%A7%D9%86%20%D8%AF%D9%83%D8%AA%D9%88%D8%B1%20%D8%B7%D9%86%D8%B7%D8%A7%D9%88%D9%8A%20%D8%A7%D9%84%D8%B4%D8%AD%D8%A7%D8%AA&query_place_id=ChIJuS2NiURZ-BQRMWoScO0O7EA","5","Nada Farag","https://www.google.com/maps/reviews/data=!4m8!14m7!1m6!2m5!1sChdDSUhNMG9nS0VJQ0FnTURROU1panF3RRAB!2m1!1s0x0:0x40ec0eed70126a31!3m1!1s2@1:CIHM0ogKEICAgMDQ9MijqwE%7CCgsI85i1vgYQoOvDeg%7C?hl=en",
"مركز البسمة لطب الاسنان دكتور طنطاوي الشحات","https://www.google.com/maps/search/?api=1&query=%D9%85%D8%B1%D9%83%D8%B2%20%D8%A7%D9%84%D8%A8%D8%B3%D9%85%D8%A9%20%D9%84%D8%B7%D8%A8%20%D8%A7%D9%84%D8%A7%D8%B3%D9%86%D8%A7%D9%86%20%D8%AF%D9%83%D8%AA%D9%88%D8%B1%20%D8%B7%D9%86%D8%B7%D8%A7%D9%88%D9%8A%20%D8%A7%D9%84%D8%B4%D8%AD%D8%A7%D8%AA&query_place_id=ChIJuS2NiURZ-BQRMWoScO0O7EA","5","أشرف عميره","https://www.google.com/maps/reviews/data=!4m8!14m7!1m6!2m5!1sChZDSUhNMG9nS0VJQ0FnTUNnOTcyWkJ3EAE!2m1!1s0x0:0x40ec0eed70126a31!3m1!1s2@1:CIHM0ogKEICAgMCg972ZBw%7CCgwI_6KTvgYQ-Lj8xgE%7C?hl=en","تسلموا علي المعامله والخدمه والنظافه وطوله البال والأخلاق وووووو"
"مركز البسمة لطب الاسنان دكتور طنطاوي الشحات","https://www.google.com/maps/search/?api=1&query=%D9%85%D8%B1%D9%83%D8%B2%20%D8%A7%D9%84%D8%A8%D8%B3%D9%85%D8%A9%20%D9%84%D8%B7%D8%A8%20%D8%A7%D9%84%D8%A7%D8%B3%D9%86%D8%A7%D9%86%20%D8%AF%D9%83%D8%AA%D9%88%D8%B1%20%D8%B7%D9%86%D8%B7%D8%A7%D9%88%D9%8A%20%D8%A7%D9%84%D8%B4%D8%AD%D8%A7%D8%AA&query_place_id=ChIJuS2NiURZ-BQRMWoScO0O7EA","5","Dareen Mohamed","https://www.google.com/maps/reviews/data=!4m8!14m7!1m6!2m5!1sChdDSUhNMG9nS0VJQ0FnSURfb0ozZDVnRRAB!2m1!1s0x0:0x40ec0eed70126a31!3m1!1s2@1:CIHM0ogKEICAgID_oJ3d5gE%7CCgwIxoC6vAYQ0Lqf2gI%7C?hl=en","من أسعد الناس أسعد الله حياته 👏
شكرا جزيلا للدكتور طنطاوي الشحات
على المصداقية والشفافية 🌹🌹
وشكراً للدكتورة ميرنا
على جلسة التنظيف
👏👏👏👏👏👏👏👏
وشكراً لجميع الموجودين بالمركز قمة الاحترام والتواضع ⭐⭐⭐⭐⭐
ويارب من نجاح لنجاح مستمر ❤️❤️❤️❤️❤️❤️❤️❤️❤️❤️❤️"
"مركز البسمة لطب الاسنان دكتور طنطاوي الشحات","https://www.google.com/maps/search/?api=1&query=%D9%85%D8%B1%D9%83%D8%B2%20%D8%A7%D9%84%D8%A8%D8%B3%D9%85%D8%A9%20%D9%84%D8%B7%D8%A8%20%D8%A7%D9%84%D8%A7%D8%B3%D9%86%D8%A7%D9%86%20%D8%AF%D9%83%D8%AA%D9%88%D8%B1%20%D8%B7%D9%86%D8%B7%D8%A7%D9%88%D9%8A%20%D8%A7%D9%84%D8%B4%D8%AD%D8%A7%D8%AA&query_place_id=ChIJuS2NiURZ-BQRMWoScO0O7EA","5","FATIMA Sloiman","https://www.google.com/maps/reviews/data=!4m8!14m7!1m6!2m5!1sChZDSUhNMG9nS0VJQ0FnSURYbnBlTkRnEAE!2m1!1s0x0:0x40ec0eed70126a31!3m1!1s2@1:CIHM0ogKEICAgIDXnpeNDg%7CCgwI9Or5uAYQgNr-wAM%7C?hl=en","مركز محترم جدا وتعاملهم ممتاز والدكتور عنده ضمير وبيراعي الظروف"
"مركز البسمة لطب الاسنان دكتور طنطاوي الشحات","https://www.google.com/maps/search/?api=1&query=%D9%85%D8%B1%D9%83%D8%B2%20%D8%A7%D9%84%D8%A8%D8%B3%D9%85%D8%A9%20%D9%84%D8%B7%D8%A8%20%D8%A7%D9%84%D8%A7%D8%B3%D9%86%D8%A7%D9%86%20%D8%AF%D9%83%D8%AA%D9%88%D8%B1%20%D8%B7%D9%86%D8%B7%D8%A7%D9%88%D9%8A%20%D8%A7%D9%84%D8%B4%D8%AD%D8%A7%D8%AA&query_place_id=ChIJuS2NiURZ-BQRMWoScO0O7EA","5","GOGO KIMO","https://www.google.com/maps/reviews/data=!4m8!14m7!1m6!2m5!1sChdDSUhNMG9nS0VJQ0FnSUNyM0thanZRRRAB!2m1!1s0x0:0x40ec0eed70126a31!3m1!1s2@1:CIHM0ogKEICAgICr3KajvQE%7CCgwIq63ouAYQuM_DmAE%7C?hl=en","ممكن اسم العنوان الجديد وشكرا"
"مركز البسمة لطب الاسنان دكتور طنطاوي الشحات","https://www.google.com/maps/search/?api=1&query=%D9%85%D8%B1%D9%83%D8%B2%20%D8%A7%D9%84%D8%A8%D8%B3%D9%85%D8%A9%20%D9%84%D8%B7%D8%A8%20%D8%A7%D9%84%D8%A7%D8%B3%D9%86%D8%A7%D9%86%20%D8%AF%D9%83%D8%AA%D9%88%D8%B1%20%D8%B7%D9%86%D8%B7%D8%A7%D9%88%D9%8A%20%D8%A7%D9%84%D8%B4%D8%AD%D8%A7%D8%AA&query_place_id=ChIJuS2NiURZ-BQRMWoScO0O7EA","5","عزة شاكر","https://www.google.com/maps/reviews/data=!4m8!14m7!1m6!2m5!1sChZDSUhNMG9nS0VJQ0FnSURubEwtdmZ3EAE!2m1!1s0x0:0x40ec0eed70126a31!3m1!1s2@1:CIHM0ogKEICAgIDnlL-vfw%7CCgwIhan6twYQgNSttQI%7C?hl=en",
"مركز البسمة لطب الاسنان دكتور طنطاوي الشحات","https://www.google.com/maps/search/?api=1&query=%D9%85%D8%B1%D9%83%D8%B2%20%D8%A7%D9%84%D8%A8%D8%B3%D9%85%D8%A9%20%D9%84%D8%B7%D8%A8%20%D8%A7%D9%84%D8%A7%D8%B3%D9%86%D8%A7%D9%86%20%D8%AF%D9%83%D8%AA%D9%88%D8%B1%20%D8%B7%D9%86%D8%B7%D8%A7%D9%88%D9%8A%20%D8%A7%D9%84%D8%B4%D8%AD%D8%A7%D8%AA&query_place_id=ChIJuS2NiURZ-BQRMWoScO0O7EA","5","Fawwaz Khu","https://www.google.com/maps/reviews/data=!4m8!14m7!1m6!2m5!1sChdDSUhNMG9nS0VJQ0FnSURIaTRfXzRBRRAB!2m1!1s0x0:0x40ec0eed70126a31!3m1!1s2@1:CIHM0ogKEICAgIDHi4__4AE%7CCgwItNaytwYQ-JK40AI%7C?hl=en","انا رجل أعمال من فلسطين
مركز البسمة جدير بالاحترام و التقدير علي
الاخلاص في العمل و الكفاءة العالية
والمعاملة الراقية"
"مركز البسمة لطب الاسنان دكتور طنطاوي الشحات","https://www.google.com/maps/search/?api=1&query=%D9%85%D8%B1%D9%83%D8%B2%20%D8%A7%D9%84%D8%A8%D8%B3%D9%85%D8%A9%20%D9%84%D8%B7%D8%A8%20%D8%A7%D9%84%D8%A7%D8%B3%D9%86%D8%A7%D9%86%20%D8%AF%D9%83%D8%AA%D9%88%D8%B1%20%D8%B7%D9%86%D8%B7%D8%A7%D9%88%D9%8A%20%D8%A7%D9%84%D8%B4%D8%AD%D8%A7%D8%AA&query_place_id=ChIJuS2NiURZ-BQRMWoScO0O7EA","5","Ahmed Ramadan","https://www.google.com/maps/reviews/data=!4m8!14m7!1m6!2m5!1sChZDSUhNMG9nS0VJQ0FnSUNIdEoySlVREAE!2m1!1s0x0:0x40ec0eed70126a31!3m1!1s2@1:CIHM0ogKEICAgICHtJ2JUQ%7CCgwImN_StgYQqOPhjgI%7C?hl=en",
"مركز البسمة لطب الاسنان دكتور طنطاوي الشحات","https://www.google.com/maps/search/?api=1&query=%D9%85%D8%B1%D9%83%D8%B2%20%D8%A7%D9%84%D8%A8%D8%B3%D9%85%D8%A9%20%D9%84%D8%B7%D8%A8%20%D8%A7%D9%84%D8%A7%D8%B3%D9%86%D8%A7%D9%86%20%D8%AF%D9%83%D8%AA%D9%88%D8%B1%20%D8%B7%D9%86%D8%B7%D8%A7%D9%88%D9%8A%20%D8%A7%D9%84%D8%B4%D8%AD%D8%A7%D8%AA&query_place_id=ChIJuS2NiURZ-BQRMWoScO0O7EA","5","Dr. Rami Shurrab","https://www.google.com/maps/reviews/data=!4m8!14m7!1m6!2m5!1sChdDSUhNMG9nS0VJQ0FnSURiZ19IUndnRRAB!2m1!1s0x0:0x40ec0eed70126a31!3m1!1s2@1:CIHM0ogKEICAgIDbg_HRwgE%7CCgwIrJTUtQYQ0Jyd3gI%7C?hl=en","دكتور طنطاوي من امهر أطباء الأسنان ...💥"
"مركز البسمة لطب الاسنان دكتور طنطاوي الشحات","https://www.google.com/maps/search/?api=1&query=%D9%85%D8%B1%D9%83%D8%B2%20%D8%A7%D9%84%D8%A8%D8%B3%D9%85%D8%A9%20%D9%84%D8%B7%D8%A8%20%D8%A7%D9%84%D8%A7%D8%B3%D9%86%D8%A7%D9%86%20%D8%AF%D9%83%D8%AA%D9%88%D8%B1%20%D8%B7%D9%86%D8%B7%D8%A7%D9%88%D9%8A%20%D8%A7%D9%84%D8%B4%D8%AD%D8%A7%D8%AA&query_place_id=ChIJuS2NiURZ-BQRMWoScO0O7EA","5","جملات جملات","https://www.google.com/maps/reviews/data=!4m8!14m7!1m6!2m5!1sChZDSUhNMG9nS0VJQ0FnSURibnV6b2RnEAE!2m1!1s0x0:0x40ec0eed70126a31!3m1!1s2@1:CIHM0ogKEICAgIDbnuzodg%7CCgsIn7DEtQYQoOy5HA%7C?hl=en",
"مركز البسمة لطب الاسنان دكتور طنطاوي الشحات","https://www.google.com/maps/search/?api=1&query=%D9%85%D8%B1%D9%83%D8%B2%20%D8%A7%D9%84%D8%A8%D8%B3%D9%85%D8%A9%20%D9%84%D8%B7%D8%A8%20%D8%A7%D9%84%D8%A7%D8%B3%D9%86%D8%A7%D9%86%20%D8%AF%D9%83%D8%AA%D9%88%D8%B1%20%D8%B7%D9%86%D8%B7%D8%A7%D9%88%D9%8A%20%D8%A7%D9%84%D8%B4%D8%AD%D8%A7%D8%AA&query_place_id=ChIJuS2NiURZ-BQRMWoScO0O7EA","5","Nesma Salah","https://www.google.com/maps/reviews/data=!4m8!14m7!1m6!2m5!1sChdDSUhNMG9nS0VJQ0FnSUNqdU9pRTNRRRAB!2m1!1s0x0:0x40ec0eed70126a31!3m1!1s2@1:CIHM0ogKEICAgICjuOiE3QE%7CCgwI36uAsQYQqLP2swM%7C?hl=en","excdllent center"
"مركز البسمة لطب الاسنان دكتور طنطاوي الشحات","https://www.google.com/maps/search/?api=1&query=%D9%85%D8%B1%D9%83%D8%B2%20%D8%A7%D9%84%D8%A8%D8%B3%D9%85%D8%A9%20%D9%84%D8%B7%D8%A8%20%D8%A7%D9%84%D8%A7%D8%B3%D9%86%D8%A7%D9%86%20%D8%AF%D9%83%D8%AA%D9%88%D8%B1%20%D8%B7%D9%86%D8%B7%D8%A7%D9%88%D9%8A%20%D8%A7%D9%84%D8%B4%D8%AD%D8%A7%D8%AA&query_place_id=ChIJuS2NiURZ-BQRMWoScO0O7EA","5","مركز تجميل ريانو للرجال","https://www.google.com/maps/reviews/data=!4m8!14m7!1m6!2m5!1sChdDSUhNMG9nS0VJQ0FnSUREMFlhcF9nRRAB!2m1!1s0x0:0x40ec0eed70126a31!3m1!1s2@1:CIHM0ogKEICAgIDD0Yap_gE%7CCgwI3I7csAYQ2P708gI%7C?hl=en","الحمدلله عياده فوق الممتاز بجد ودكتور فى قمت الاحترام احسن معامله وربنا ايوفق أن شاءالله"
"مركز البسمة لطب الاسنان دكتور طنطاوي الشحات","https://www.google.com/maps/search/?api=1&query=%D9%85%D8%B1%D9%83%D8%B2%20%D8%A7%D9%84%D8%A8%D8%B3%D9%85%D8%A9%20%D9%84%D8%B7%D8%A8%20%D8%A7%D9%84%D8%A7%D8%B3%D9%86%D8%A7%D9%86%20%D8%AF%D9%83%D8%AA%D9%88%D8%B1%20%D8%B7%D9%86%D8%B7%D8%A7%D9%88%D9%8A%20%D8%A7%D9%84%D8%B4%D8%AD%D8%A7%D8%AA&query_place_id=ChIJuS2NiURZ-BQRMWoScO0O7EA","5","Rovan Desoke","https://www.google.com/maps/reviews/data=!4m8!14m7!1m6!2m5!1sChZDSUhNMG9nS0VJQ0FnSUM5aGRtS1ZREAE!2m1!1s0x0:0x40ec0eed70126a31!3m1!1s2@1:CIHM0ogKEICAgIC9hdmKVQ%7CCgwIj-WmrwYQqN6-tgI%7C?hl=en","شكرا جزيلا لحضرتك يادكتور بجد من ارقى عيادات الاسنان معامله"
"مركز البسمة لطب الاسنان دكتور طنطاوي الشحات","https://www.google.com/maps/search/?api=1&query=%D9%85%D8%B1%D9%83%D8%B2%20%D8%A7%D9%84%D8%A8%D8%B3%D9%85%D8%A9%20%D9%84%D8%B7%D8%A8%20%D8%A7%D9%84%D8%A7%D8%B3%D9%86%D8%A7%D9%86%20%D8%AF%D9%83%D8%AA%D9%88%D8%B1%20%D8%B7%D9%86%D8%B7%D8%A7%D9%88%D9%8A%20%D8%A7%D9%84%D8%B4%D8%AD%D8%A7%D8%AA&query_place_id=ChIJuS2NiURZ-BQRMWoScO0O7EA","5","Amira Gaze","https://www.google.com/maps/reviews/data=!4m8!14m7!1m6!2m5!1sChdDSUhNMG9nS0VJQ0FnSUM5aFppcjhRRRAB!2m1!1s0x0:0x40ec0eed70126a31!3m1!1s2@1:CIHM0ogKEICAgIC9hZir8QE%7CCgwIxMmmrwYQuPnrgwI%7C?hl=en","مركز متاز ما شاء الله"
"مركز البسمة لطب الاسنان دكتور طنطاوي الشحات","https://www.google.com/maps/search/?api=1&query=%D9%85%D8%B1%D9%83%D8%B2%20%D8%A7%D9%84%D8%A8%D8%B3%D9%85%D8%A9%20%D9%84%D8%B7%D8%A8%20%D8%A7%D9%84%D8%A7%D8%B3%D9%86%D8%A7%D9%86%20%D8%AF%D9%83%D8%AA%D9%88%D8%B1%20%D8%B7%D9%86%D8%B7%D8%A7%D9%88%D9%8A%20%D8%A7%D9%84%D8%B4%D8%AD%D8%A7%D8%AA&query_place_id=ChIJuS2NiURZ-BQRMWoScO0O7EA","5","Ahmed Mahrous","https://www.google.com/maps/reviews/data=!4m8!14m7!1m6!2m5!1sChdDSUhNMG9nS0VJQ0FnSUNkM0pLUF9nRRAB!2m1!1s0x0:0x40ec0eed70126a31!3m1!1s2@1:CIHM0ogKEICAgICd3JKP_gE%7CCgsI1_murgYQkPqqeA%7C?hl=en","مركز صحي محترم مستوى ممتاز عن تجربه
أنا كنت مرتبك شويه بس بصراحه الموضوع ماخدش حاجه كان خلع درس وشكرا لكل العاملين بالمركز"
"مركز البسمة لطب الاسنان دكتور طنطاوي الشحات","https://www.google.com/maps/search/?api=1&query=%D9%85%D8%B1%D9%83%D8%B2%20%D8%A7%D9%84%D8%A8%D8%B3%D9%85%D8%A9%20%D9%84%D8%B7%D8%A8%20%D8%A7%D9%84%D8%A7%D8%B3%D9%86%D8%A7%D9%86%20%D8%AF%D9%83%D8%AA%D9%88%D8%B1%20%D8%B7%D9%86%D8%B7%D8%A7%D9%88%D9%8A%20%D8%A7%D9%84%D8%B4%D8%AD%D8%A7%D8%AA&query_place_id=ChIJuS2NiURZ-BQRMWoScO0O7EA","5","BODA ELES","https://www.google.com/maps/reviews/data=!4m8!14m7!1m6!2m5!1sChZDSUhNMG9nS0VJQ0FnSUN0MGMzQmVnEAE!2m1!1s0x0:0x40ec0eed70126a31!3m1!1s2@1:CIHM0ogKEICAgICt0c3Beg%7CCgwIrvTkrQYQqKrkvQI%7C?hl=en","مكان ممتاز جدا واسعاره جميله بالنسبه لغيره في الاسماعيليه"
"مركز البسمة لطب الاسنان دكتور طنطاوي الشحات","https://www.google.com/maps/search/?api=1&query=%D9%85%D8%B1%D9%83%D8%B2%20%D8%A7%D9%84%D8%A8%D8%B3%D9%85%D8%A9%20%D9%84%D8%B7%D8%A8%20%D8%A7%D9%84%D8%A7%D8%B3%D9%86%D8%A7%D9%86%20%D8%AF%D9%83%D8%AA%D9%88%D8%B1%20%D8%B7%D9%86%D8%B7%D8%A7%D9%88%D9%8A%20%D8%A7%D9%84%D8%B4%D8%AD%D8%A7%D8%AA&query_place_id=ChIJuS2NiURZ-BQRMWoScO0O7EA","5","El Joo","https://www.google.com/maps/reviews/data=!4m8!14m7!1m6!2m5!1sChdDSUhNMG9nS0VJQ0FnSUNOaDh2bXFBRRAB!2m1!1s0x0:0x40ec0eed70126a31!3m1!1s2@1:CIHM0ogKEICAgICNh8vmqAE%7CCgwI9rWkrQYQkLSsigI%7C?hl=en","شكرا جدا على المعاملة اللطيفة دى 😍"
"مركز البسمة لطب الاسنان دكتور طنطاوي الشحات","https://www.google.com/maps/search/?api=1&query=%D9%85%D8%B1%D9%83%D8%B2%20%D8%A7%D9%84%D8%A8%D8%B3%D9%85%D8%A9%20%D9%84%D8%B7%D8%A8%20%D8%A7%D9%84%D8%A7%D8%B3%D9%86%D8%A7%D9%86%20%D8%AF%D9%83%D8%AA%D9%88%D8%B1%20%D8%B7%D9%86%D8%B7%D8%A7%D9%88%D9%8A%20%D8%A7%D9%84%D8%B4%D8%AD%D8%A7%D8%AA&query_place_id=ChIJuS2NiURZ-BQRMWoScO0O7EA","5","Raghda Abdel majid","https://www.google.com/maps/reviews/data=!4m8!14m7!1m6!2m5!1sChdDSUhNMG9nS0VJQ0FnSUQxd1k2Nzh3RRAB!2m1!1s0x0:0x40ec0eed70126a31!3m1!1s2@1:CIHM0ogKEICAgID1wY678wE%7CCgwI86XrrAYQoKjbqwM%7C?hl=en","دكتور شاطر والمكان معقم ونظيف ومواعيد مظبوطه"
"مركز البسمة لطب الاسنان دكتور طنطاوي الشحات","https://www.google.com/maps/search/?api=1&query=%D9%85%D8%B1%D9%83%D8%B2%20%D8%A7%D9%84%D8%A8%D8%B3%D9%85%D8%A9%20%D9%84%D8%B7%D8%A8%20%D8%A7%D9%84%D8%A7%D8%B3%D9%86%D8%A7%D9%86%20%D8%AF%D9%83%D8%AA%D9%88%D8%B1%20%D8%B7%D9%86%D8%B7%D8%A7%D9%88%D9%8A%20%D8%A7%D9%84%D8%B4%D8%AD%D8%A7%D8%AA&query_place_id=ChIJuS2NiURZ-BQRMWoScO0O7EA","5","Ahmad Ebeed","https://www.google.com/maps/reviews/data=!4m8!14m7!1m6!2m5!1sChZDSUhNMG9nS0VJQ0FnSUMxcTUzOVl3EAE!2m1!1s0x0:0x40ec0eed70126a31!3m1!1s2@1:CIHM0ogKEICAgIC1q539Yw%7CCgwI44PZrAYQ2KrV3AI%7C?hl=en","دكتور محترم ويقدم خدمه ممتازه وقمه في الزوق والاخلاق"
"مركز البسمة لطب الاسنان دكتور طنطاوي الشحات","https://www.google.com/maps/search/?api=1&query=%D9%85%D8%B1%D9%83%D8%B2%20%D8%A7%D9%84%D8%A8%D8%B3%D9%85%D8%A9%20%D9%84%D8%B7%D8%A8%20%D8%A7%D9%84%D8%A7%D8%B3%D9%86%D8%A7%D9%86%20%D8%AF%D9%83%D8%AA%D9%88%D8%B1%20%D8%B7%D9%86%D8%B7%D8%A7%D9%88%D9%8A%20%D8%A7%D9%84%D8%B4%D8%AD%D8%A7%D8%AA&query_place_id=ChIJuS2NiURZ-BQRMWoScO0O7EA","5","جاميكا & جاميكا","https://www.google.com/maps/reviews/data=!4m8!14m7!1m6!2m5!1sChZDSUhNMG9nS0VJQ0FnSUNGaDVPRFhREAE!2m1!1s0x0:0x40ec0eed70126a31!3m1!1s2@1:CIHM0ogKEICAgICFh5ODXQ%7CCgsIyceTqgYQ-Kfvaw%7C?hl=en","ناس محترمه جدا"
"مركز البسمة لطب الاسنان دكتور طنطاوي الشحات","https://www.google.com/maps/search/?api=1&query=%D9%85%D8%B1%D9%83%D8%B2%20%D8%A7%D9%84%D8%A8%D8%B3%D9%85%D8%A9%20%D9%84%D8%B7%D8%A8%20%D8%A7%D9%84%D8%A7%D8%B3%D9%86%D8%A7%D9%86%20%D8%AF%D9%83%D8%AA%D9%88%D8%B1%20%D8%B7%D9%86%D8%B7%D8%A7%D9%88%D9%8A%20%D8%A7%D9%84%D8%B4%D8%AD%D8%A7%D8%AA&query_place_id=ChIJuS2NiURZ-BQRMWoScO0O7EA","5","Roma Hegazy","https://www.google.com/maps/reviews/data=!4m8!14m7!1m6!2m5!1sChZDSUhNMG9nS0VJQ0FnSUNaOHR5WktREAE!2m1!1s0x0:0x40ec0eed70126a31!3m1!1s2@1:CIHM0ogKEICAgICZ8tyZKQ%7CCgwIoIKUqQYQqPC2jQI%7C?hl=en","مركز ممتاز عن تجربه خلعلي ضرس العقل ومحستش  باي الم"
"مركز البسمة لطب الاسنان دكتور طنطاوي الشحات","https://www.google.com/maps/search/?api=1&query=%D9%85%D8%B1%D9%83%D8%B2%20%D8%A7%D9%84%D8%A8%D8%B3%D9%85%D8%A9%20%D9%84%D8%B7%D8%A8%20%D8%A7%D9%84%D8%A7%D8%B3%D9%86%D8%A7%D9%86%20%D8%AF%D9%83%D8%AA%D9%88%D8%B1%20%D8%B7%D9%86%D8%B7%D8%A7%D9%88%D9%8A%20%D8%A7%D9%84%D8%B4%D8%AD%D8%A7%D8%AA&query_place_id=ChIJuS2NiURZ-BQRMWoScO0O7EA","5","وائل","https://www.google.com/maps/reviews/data=!4m8!14m7!1m6!2m5!1sChdDSUhNMG9nS0VJQ0FnSUNacktUN3pBRRAB!2m1!1s0x0:0x40ec0eed70126a31!3m1!1s2@1:CIHM0ogKEICAgICZrKT7zAE%7CCgwIkeTdpwYQ2OPL1gM%7C?hl=en","ممتاز وعن تجربه ما شاء الله"
"مركز البسمة لطب الاسنان دكتور طنطاوي الشحات","https://www.google.com/maps/search/?api=1&query=%D9%85%D8%B1%D9%83%D8%B2%20%D8%A7%D9%84%D8%A8%D8%B3%D9%85%D8%A9%20%D9%84%D8%B7%D8%A8%20%D8%A7%D9%84%D8%A7%D8%B3%D9%86%D8%A7%D9%86%20%D8%AF%D9%83%D8%AA%D9%88%D8%B1%20%D8%B7%D9%86%D8%B7%D8%A7%D9%88%D9%8A%20%D8%A7%D9%84%D8%B4%D8%AD%D8%A7%D8%AA&query_place_id=ChIJuS2NiURZ-BQRMWoScO0O7EA","5","no_ha 3020","https://www.google.com/maps/reviews/data=!4m8!14m7!1m6!2m5!1sChdDSUhNMG9nS0VJQ0FnSUNaOUkzZmhBRRAB!2m1!1s0x0:0x40ec0eed70126a31!3m1!1s2@1:CIHM0ogKEICAgICZ9I3fhAE%7CCgwI66XcpwYQqK_fzwE%7C?hl=en","ممتاز ما شا ء الله"
"مركز البسمة لطب الاسنان دكتور طنطاوي الشحات","https://www.google.com/maps/search/?api=1&query=%D9%85%D8%B1%D9%83%D8%B2%20%D8%A7%D9%84%D8%A8%D8%B3%D9%85%D8%A9%20%D9%84%D8%B7%D8%A8%20%D8%A7%D9%84%D8%A7%D8%B3%D9%86%D8%A7%D9%86%20%D8%AF%D9%83%D8%AA%D9%88%D8%B1%20%D8%B7%D9%86%D8%B7%D8%A7%D9%88%D9%8A%20%D8%A7%D9%84%D8%B4%D8%AD%D8%A7%D8%AA&query_place_id=ChIJuS2NiURZ-BQRMWoScO0O7EA","5","mohamed hussein abd elrouf ahamed","https://www.google.com/maps/reviews/data=!4m8!14m7!1m6!2m5!1sChZDSUhNMG9nS0VJQ0FnSURwNjZxckJnEAE!2m1!1s0x0:0x40ec0eed70126a31!3m1!1s2@1:CIHM0ogKEICAgIDp66qrBg%7CCgwIkOS3pwYQoJXVvQM%7C?hl=en","تجربه ممتازه ذهبت إلى المركز عن طريق التقييمات بس دكتور شطار جدا ومحترم وفاهم جداً في شغله بالتوفيق"
"مركز البسمة لطب الاسنان دكتور طنطاوي الشحات","https://www.google.com/maps/search/?api=1&query=%D9%85%D8%B1%D9%83%D8%B2%20%D8%A7%D9%84%D8%A8%D8%B3%D9%85%D8%A9%20%D9%84%D8%B7%D8%A8%20%D8%A7%D9%84%D8%A7%D8%B3%D9%86%D8%A7%D9%86%20%D8%AF%D9%83%D8%AA%D9%88%D8%B1%20%D8%B7%D9%86%D8%B7%D8%A7%D9%88%D9%8A%20%D8%A7%D9%84%D8%B4%D8%AD%D8%A7%D8%AA&query_place_id=ChIJuS2NiURZ-BQRMWoScO0O7EA","5","Tota Elsayed","https://www.google.com/maps/reviews/data=!4m8!14m7!1m6!2m5!1sChdDSUhNMG9nS0VJQ0FnSUNKMC1uSmxnRRAB!2m1!1s0x0:0x40ec0eed70126a31!3m1!1s2@1:CIHM0ogKEICAgICJ0-nJlgE%7CCgsIp6SQpQYQ8Nz9ag%7C?hl=en","مركز ممتاز وتعقيم وناس شاطره جدا ربنا يبارك ما شاء الله"
"مركز البسمة لطب الاسنان دكتور طنطاوي الشحات","https://www.google.com/maps/search/?api=1&query=%D9%85%D8%B1%D9%83%D8%B2%20%D8%A7%D9%84%D8%A8%D8%B3%D9%85%D8%A9%20%D9%84%D8%B7%D8%A8%20%D8%A7%D9%84%D8%A7%D8%B3%D9%86%D8%A7%D9%86%20%D8%AF%D9%83%D8%AA%D9%88%D8%B1%20%D8%B7%D9%86%D8%B7%D8%A7%D9%88%D9%8A%20%D8%A7%D9%84%D8%B4%D8%AD%D8%A7%D8%AA&query_place_id=ChIJuS2NiURZ-BQRMWoScO0O7EA","5","Mohanad Attia","https://www.google.com/maps/reviews/data=!4m8!14m7!1m6!2m5!1sChZDSUhNMG9nS0VJQ0FnSUNKcnRTNVl3EAE!2m1!1s0x0:0x40ec0eed70126a31!3m1!1s2@1:CIHM0ogKEICAgICJrtS5Yw%7CCgwI2b_rpAYQqO2WmAI%7C?hl=en","ممتازين ما شا الله"
"مركز البسمة لطب الاسنان دكتور طنطاوي الشحات","https://www.google.com/maps/search/?api=1&query=%D9%85%D8%B1%D9%83%D8%B2%20%D8%A7%D9%84%D8%A8%D8%B3%D9%85%D8%A9%20%D9%84%D8%B7%D8%A8%20%D8%A7%D9%84%D8%A7%D8%B3%D9%86%D8%A7%D9%86%20%D8%AF%D9%83%D8%AA%D9%88%D8%B1%20%D8%B7%D9%86%D8%B7%D8%A7%D9%88%D9%8A%20%D8%A7%D9%84%D8%B4%D8%AD%D8%A7%D8%AA&query_place_id=ChIJuS2NiURZ-BQRMWoScO0O7EA","5","Am Amr","https://www.google.com/maps/reviews/data=!4m8!14m7!1m6!2m5!1sChZDSUhNMG9nS0VJQ0FnSUNKMXFyd2VBEAE!2m1!1s0x0:0x40ec0eed70126a31!3m1!1s2@1:CIHM0ogKEICAgICJ1qrweA%7CCgwIpK_npAYQ-MHJ0AM%7C?hl=en","ما شا الله من أمهر واشطر الدكاتره
ربنا يحفظهم"
"مركز البسمة لطب الاسنان دكتور طنطاوي الشحات","https://www.google.com/maps/search/?api=1&query=%D9%85%D8%B1%D9%83%D8%B2%20%D8%A7%D9%84%D8%A8%D8%B3%D9%85%D8%A9%20%D9%84%D8%B7%D8%A8%20%D8%A7%D9%84%D8%A7%D8%B3%D9%86%D8%A7%D9%86%20%D8%AF%D9%83%D8%AA%D9%88%D8%B1%20%D8%B7%D9%86%D8%B7%D8%A7%D9%88%D9%8A%20%D8%A7%D9%84%D8%B4%D8%AD%D8%A7%D8%AA&query_place_id=ChIJuS2NiURZ-BQRMWoScO0O7EA","5","Hassen Essa","https://www.google.com/maps/reviews/data=!4m8!14m7!1m6!2m5!1sChdDSUhNMG9nS0VJQ0FnSUN4a1p1UW5RRRAB!2m1!1s0x0:0x40ec0eed70126a31!3m1!1s2@1:CIHM0ogKEICAgICxkZuQnQE%7CCgwIudmeowYQkOm3tQM%7C?hl=en","مكان ممتاز ف التعقيم والاسعار والمعاملة"
"مركز البسمة لطب الاسنان دكتور طنطاوي الشحات","https://www.google.com/maps/search/?api=1&query=%D9%85%D8%B1%D9%83%D8%B2%20%D8%A7%D9%84%D8%A8%D8%B3%D9%85%D8%A9%20%D9%84%D8%B7%D8%A8%20%D8%A7%D9%84%D8%A7%D8%B3%D9%86%D8%A7%D9%86%20%D8%AF%D9%83%D8%AA%D9%88%D8%B1%20%D8%B7%D9%86%D8%B7%D8%A7%D9%88%D9%8A%20%D8%A7%D9%84%D8%B4%D8%AD%D8%A7%D8%AA&query_place_id=ChIJuS2NiURZ-BQRMWoScO0O7EA","5","sara ahmed","https://www.google.com/maps/reviews/data=!4m8!14m7!1m6!2m5!1sChZDSUhNMG9nS0VJQ0FnSUN4LUtURlZ3EAE!2m1!1s0x0:0x40ec0eed70126a31!3m1!1s2@1:CIHM0ogKEICAgICx-KTFVw%7CCgwIju3togYQwLnIpQM%7C?hl=en",
"مركز البسمة لطب الاسنان دكتور طنطاوي الشحات","https://www.google.com/maps/search/?api=1&query=%D9%85%D8%B1%D9%83%D8%B2%20%D8%A7%D9%84%D8%A8%D8%B3%D9%85%D8%A9%20%D9%84%D8%B7%D8%A8%20%D8%A7%D9%84%D8%A7%D8%B3%D9%86%D8%A7%D9%86%20%D8%AF%D9%83%D8%AA%D9%88%D8%B1%20%D8%B7%D9%86%D8%B7%D8%A7%D9%88%D9%8A%20%D8%A7%D9%84%D8%B4%D8%AD%D8%A7%D8%AA&query_place_id=ChIJuS2NiURZ-BQRMWoScO0O7EA","5","Eslam Abdo","https://www.google.com/maps/reviews/data=!4m8!14m7!1m6!2m5!1sChZDSUhNMG9nS0VJQ0FnSURSaTZXaE53EAE!2m1!1s0x0:0x40ec0eed70126a31!3m1!1s2@1:CIHM0ogKEICAgIDRi6WhNw%7CCgwIgqTKogYQgOzLzwM%7C?hl=en",
"مركز البسمة لطب الاسنان دكتور طنطاوي الشحات","https://www.google.com/maps/search/?api=1&query=%D9%85%D8%B1%D9%83%D8%B2%20%D8%A7%D9%84%D8%A8%D8%B3%D9%85%D8%A9%20%D9%84%D8%B7%D8%A8%20%D8%A7%D9%84%D8%A7%D8%B3%D9%86%D8%A7%D9%86%20%D8%AF%D9%83%D8%AA%D9%88%D8%B1%20%D8%B7%D9%86%D8%B7%D8%A7%D9%88%D9%8A%20%D8%A7%D9%84%D8%B4%D8%AD%D8%A7%D8%AA&query_place_id=ChIJuS2NiURZ-BQRMWoScO0O7EA","5","طلال منور","https://www.google.com/maps/reviews/data=!4m8!14m7!1m6!2m5!1sChdDSUhNMG9nS0VJQ0FnSURSaS1IUXVRRRAB!2m1!1s0x0:0x40ec0eed70126a31!3m1!1s2@1:CIHM0ogKEICAgIDRi-HQuQE%7CCgsI1JjKogYQ6IfqMA%7C?hl=en","ممتاز"
"مركز البسمة لطب الاسنان دكتور طنطاوي الشحات","https://www.google.com/maps/search/?api=1&query=%D9%85%D8%B1%D9%83%D8%B2%20%D8%A7%D9%84%D8%A8%D8%B3%D9%85%D8%A9%20%D9%84%D8%B7%D8%A8%20%D8%A7%D9%84%D8%A7%D8%B3%D9%86%D8%A7%D9%86%20%D8%AF%D9%83%D8%AA%D9%88%D8%B1%20%D8%B7%D9%86%D8%B7%D8%A7%D9%88%D9%8A%20%D8%A7%D9%84%D8%B4%D8%AD%D8%A7%D8%AA&query_place_id=ChIJuS2NiURZ-BQRMWoScO0O7EA","5","Fatma Abdo","https://www.google.com/maps/reviews/data=!4m8!14m7!1m6!2m5!1sChdDSUhNMG9nS0VJQ0FnSURSOWIyam9BRRAB!2m1!1s0x0:0x40ec0eed70126a31!3m1!1s2@1:CIHM0ogKEICAgIDR9b2joAE%7CCgwIwKO7ogYQuPrqnwI%7C?hl=en","من احسن المراكز علي مستوي اسماعيليه 💙"
"مركز البسمة لطب الاسنان دكتور طنطاوي الشحات","https://www.google.com/maps/search/?api=1&query=%D9%85%D8%B1%D9%83%D8%B2%20%D8%A7%D9%84%D8%A8%D8%B3%D9%85%D8%A9%20%D9%84%D8%B7%D8%A8%20%D8%A7%D9%84%D8%A7%D8%B3%D9%86%D8%A7%D9%86%20%D8%AF%D9%83%D8%AA%D9%88%D8%B1%20%D8%B7%D9%86%D8%B7%D8%A7%D9%88%D9%8A%20%D8%A7%D9%84%D8%B4%D8%AD%D8%A7%D8%AA&query_place_id=ChIJuS2NiURZ-BQRMWoScO0O7EA","5","Salma Elbahteny","https://www.google.com/maps/reviews/data=!4m8!14m7!1m6!2m5!1sChdDSUhNMG9nS0VJQ0FnSURSOWREOHp3RRAB!2m1!1s0x0:0x40ec0eed70126a31!3m1!1s2@1:CIHM0ogKEICAgIDR9dD8zwE%7CCgsI4tS6ogYQ8JHCCQ%7C?hl=en","افضل مركز اسنان علي مستوي اسماعيلية كلها ♥️"
"مركز البسمة لطب الاسنان دكتور طنطاوي الشحات","https://www.google.com/maps/search/?api=1&query=%D9%85%D8%B1%D9%83%D8%B2%20%D8%A7%D9%84%D8%A8%D8%B3%D9%85%D8%A9%20%D9%84%D8%B7%D8%A8%20%D8%A7%D9%84%D8%A7%D8%B3%D9%86%D8%A7%D9%86%20%D8%AF%D9%83%D8%AA%D9%88%D8%B1%20%D8%B7%D9%86%D8%B7%D8%A7%D9%88%D9%8A%20%D8%A7%D9%84%D8%B4%D8%AD%D8%A7%D8%AA&query_place_id=ChIJuS2NiURZ-BQRMWoScO0O7EA","5","mohamed anwar","https://www.google.com/maps/reviews/data=!4m8!14m7!1m6!2m5!1sChdDSUhNMG9nS0VJQ0FnSUNSbnEybnRnRRAB!2m1!1s0x0:0x40ec0eed70126a31!3m1!1s2@1:CIHM0ogKEICAgICRnq2ntgE%7CCgsI65CpogYQ2JD1dg%7C?hl=en","دكاترة محترمين و مستوي خدمه محترم جدا ❤️
و التعقيم و النظافه ممتازة"
"مركز البسمة لطب الاسنان دكتور طنطاوي الشحات","https://www.google.com/maps/search/?api=1&query=%D9%85%D8%B1%D9%83%D8%B2%20%D8%A7%D9%84%D8%A8%D8%B3%D9%85%D8%A9%20%D9%84%D8%B7%D8%A8%20%D8%A7%D9%84%D8%A7%D8%B3%D9%86%D8%A7%D9%86%20%D8%AF%D9%83%D8%AA%D9%88%D8%B1%20%D8%B7%D9%86%D8%B7%D8%A7%D9%88%D9%8A%20%D8%A7%D9%84%D8%B4%D8%AD%D8%A7%D8%AA&query_place_id=ChIJuS2NiURZ-BQRMWoScO0O7EA","4","youssef anwar","https://www.google.com/maps/reviews/data=!4m8!14m7!1m6!2m5!1sChZDSUhNMG9nS0VJQ0FnSURSd2Qzb2R3EAE!2m1!1s0x0:0x40ec0eed70126a31!3m1!1s2@1:CIHM0ogKEICAgIDRwd3odw%7CCgwIhqamogYQ6OO_vwE%7C?hl=en","شكرآ للعيادة والدكاترة معاملة محترمة في كل شيء واهتمام وتعقيم ♥️♥️🌹"
"مركز البسمة لطب الاسنان دكتور طنطاوي الشحات","https://www.google.com/maps/search/?api=1&query=%D9%85%D8%B1%D9%83%D8%B2%20%D8%A7%D9%84%D8%A8%D8%B3%D9%85%D8%A9%20%D9%84%D8%B7%D8%A8%20%D8%A7%D9%84%D8%A7%D8%B3%D9%86%D8%A7%D9%86%20%D8%AF%D9%83%D8%AA%D9%88%D8%B1%20%D8%B7%D9%86%D8%B7%D8%A7%D9%88%D9%8A%20%D8%A7%D9%84%D8%B4%D8%AD%D8%A7%D8%AA&query_place_id=ChIJuS2NiURZ-BQRMWoScO0O7EA","5","احمد صفوت","https://www.google.com/maps/reviews/data=!4m8!14m7!1m6!2m5!1sChdDSUhNMG9nS0VJQ0FnSURSbnFMczlBRRAB!2m1!1s0x0:0x40ec0eed70126a31!3m1!1s2@1:CIHM0ogKEICAgIDRnqLs9AE%7CCgwIn4WhogYQyKadoQI%7C?hl=en","مكان جميل جداً"
"مركز البسمة لطب الاسنان دكتور طنطاوي الشحات","https://www.google.com/maps/search/?api=1&query=%D9%85%D8%B1%D9%83%D8%B2%20%D8%A7%D9%84%D8%A8%D8%B3%D9%85%D8%A9%20%D9%84%D8%B7%D8%A8%20%D8%A7%D9%84%D8%A7%D8%B3%D9%86%D8%A7%D9%86%20%D8%AF%D9%83%D8%AA%D9%88%D8%B1%20%D8%B7%D9%86%D8%B7%D8%A7%D9%88%D9%8A%20%D8%A7%D9%84%D8%B4%D8%AD%D8%A7%D8%AA&query_place_id=ChIJuS2NiURZ-BQRMWoScO0O7EA","5","Haydi Abdelaziz","https://www.google.com/maps/reviews/data=!4m8!14m7!1m6!2m5!1sChZDSUhNMG9nS0VJQ0FnSURSMXBIcFF3EAE!2m1!1s0x0:0x40ec0eed70126a31!3m1!1s2@1:CIHM0ogKEICAgIDR1pHpQw%7CCgsI25WbogYQoI7wIg%7C?hl=en","بصراحه دكتور طنطاوي ممتاز والمعاملة كويسه اوى  المكان نضيف جدا ❤️❤️❤️"
"مركز البسمة لطب الاسنان دكتور طنطاوي الشحات","https://www.google.com/maps/search/?api=1&query=%D9%85%D8%B1%D9%83%D8%B2%20%D8%A7%D9%84%D8%A8%D8%B3%D9%85%D8%A9%20%D9%84%D8%B7%D8%A8%20%D8%A7%D9%84%D8%A7%D8%B3%D9%86%D8%A7%D9%86%20%D8%AF%D9%83%D8%AA%D9%88%D8%B1%20%D8%B7%D9%86%D8%B7%D8%A7%D9%88%D9%8A%20%D8%A7%D9%84%D8%B4%D8%AD%D8%A7%D8%AA&query_place_id=ChIJuS2NiURZ-BQRMWoScO0O7EA","5","Asem Elsagher","https://www.google.com/maps/reviews/data=!4m8!14m7!1m6!2m5!1sChZDSUhNMG9nS0VJQ0FnSURSLXJULVp3EAE!2m1!1s0x0:0x40ec0eed70126a31!3m1!1s2@1:CIHM0ogKEICAgIDR-rT-Zw%7CCgwItq6VogYQ2LOFzwE%7C?hl=en","دكتور محترم جدا ومعامله آدميه ومركز نظيف وربنا يكرمه ويرزقه بالحلال"
"مركز البسمة لطب الاسنان دكتور طنطاوي الشحات","https://www.google.com/maps/search/?api=1&query=%D9%85%D8%B1%D9%83%D8%B2%20%D8%A7%D9%84%D8%A8%D8%B3%D9%85%D8%A9%20%D9%84%D8%B7%D8%A8%20%D8%A7%D9%84%D8%A7%D8%B3%D9%86%D8%A7%D9%86%20%D8%AF%D9%83%D8%AA%D9%88%D8%B1%20%D8%B7%D9%86%D8%B7%D8%A7%D9%88%D9%8A%20%D8%A7%D9%84%D8%B4%D8%AD%D8%A7%D8%AA&query_place_id=ChIJuS2NiURZ-BQRMWoScO0O7EA","5","وفاء احمد","https://www.google.com/maps/reviews/data=!4m8!14m7!1m6!2m5!1sChdDSUhNMG9nS0VJQ0FnSUNSeXNxNzJRRRAB!2m1!1s0x0:0x40ec0eed70126a31!3m1!1s2@1:CIHM0ogKEICAgICRysq72QE%7CCgsI6pLcoQYQqN24TA%7C?hl=en",
"مركز البسمة لطب الاسنان دكتور طنطاوي الشحات","https://www.google.com/maps/search/?api=1&query=%D9%85%D8%B1%D9%83%D8%B2%20%D8%A7%D9%84%D8%A8%D8%B3%D9%85%D8%A9%20%D9%84%D8%B7%D8%A8%20%D8%A7%D9%84%D8%A7%D8%B3%D9%86%D8%A7%D9%86%20%D8%AF%D9%83%D8%AA%D9%88%D8%B1%20%D8%B7%D9%86%D8%B7%D8%A7%D9%88%D9%8A%20%D8%A7%D9%84%D8%B4%D8%AD%D8%A7%D8%AA&query_place_id=ChIJuS2NiURZ-BQRMWoScO0O7EA","5","Mohamed Gamal","https://www.google.com/maps/reviews/data=!4m8!14m7!1m6!2m5!1sChdDSUhNMG9nS0VJQ0FnSUNSeXJHbHpnRRAB!2m1!1s0x0:0x40ec0eed70126a31!3m1!1s2@1:CIHM0ogKEICAgICRyrGlzgE%7CCgwIm5eToQYQiPzNyQE%7C?hl=en",
"مركز البسمة لطب الاسنان دكتور طنطاوي الشحات","https://www.google.com/maps/search/?api=1&query=%D9%85%D8%B1%D9%83%D8%B2%20%D8%A7%D9%84%D8%A8%D8%B3%D9%85%D8%A9%20%D9%84%D8%B7%D8%A8%20%D8%A7%D9%84%D8%A7%D8%B3%D9%86%D8%A7%D9%86%20%D8%AF%D9%83%D8%AA%D9%88%D8%B1%20%D8%B7%D9%86%D8%B7%D8%A7%D9%88%D9%8A%20%D8%A7%D9%84%D8%B4%D8%AD%D8%A7%D8%AA&query_place_id=ChIJuS2NiURZ-BQRMWoScO0O7EA","5","Noor Elsaied","https://www.google.com/maps/reviews/data=!4m8!14m7!1m6!2m5!1sChdDSUhNMG9nS0VJQ0FnSUNSaXZmdS1RRRAB!2m1!1s0x0:0x40ec0eed70126a31!3m1!1s2@1:CIHM0ogKEICAgICRivfu-QE%7CCgwIjbmSoQYQiLHW-AE%7C?hl=en","مشاء الله من افضل المراكز في التعقيم والشغل والمواعيد"
"مركز البسمة لطب الاسنان دكتور طنطاوي الشحات","https://www.google.com/maps/search/?api=1&query=%D9%85%D8%B1%D9%83%D8%B2%20%D8%A7%D9%84%D8%A8%D8%B3%D9%85%D8%A9%20%D9%84%D8%B7%D8%A8%20%D8%A7%D9%84%D8%A7%D8%B3%D9%86%D8%A7%D9%86%20%D8%AF%D9%83%D8%AA%D9%88%D8%B1%20%D8%B7%D9%86%D8%B7%D8%A7%D9%88%D9%8A%20%D8%A7%D9%84%D8%B4%D8%AD%D8%A7%D8%AA&query_place_id=ChIJuS2NiURZ-BQRMWoScO0O7EA","5","Zeinab Naser","https://www.google.com/maps/reviews/data=!4m8!14m7!1m6!2m5!1sChZDSUhNMG9nS0VJQ0FnSUNSaXVtTEVBEAE!2m1!1s0x0:0x40ec0eed70126a31!3m1!1s2@1:CIHM0ogKEICAgICRiumLEA%7CCgwIjpGSoQYQ8KWanAI%7C?hl=en","مكان  كويس  ونضيف جدا والدكاتره ممتازه
بصراحه مبحبش الاسنان اصلا
بس اول مره اتعاملت مع د طنطاوي كان بيخلع درس العقل والحمد لله عدي ع خير الاتنين
والاسستنت ممتازه جدا وشطوره يارب من نجاح لنجاح ❤❤❤❤❤❤❤❤❤❤❤❤❤❤"
"مركز البسمة لطب الاسنان دكتور طنطاوي الشحات","https://www.google.com/maps/search/?api=1&query=%D9%85%D8%B1%D9%83%D8%B2%20%D8%A7%D9%84%D8%A8%D8%B3%D9%85%D8%A9%20%D9%84%D8%B7%D8%A8%20%D8%A7%D9%84%D8%A7%D8%B3%D9%86%D8%A7%D9%86%20%D8%AF%D9%83%D8%AA%D9%88%D8%B1%20%D8%B7%D9%86%D8%B7%D8%A7%D9%88%D9%8A%20%D8%A7%D9%84%D8%B4%D8%AD%D8%A7%D8%AA&query_place_id=ChIJuS2NiURZ-BQRMWoScO0O7EA","5","Reham","https://www.google.com/maps/reviews/data=!4m8!14m7!1m6!2m5!1sChZDSUhNMG9nS0VJQ0FnSUNSaXVMdGZ3EAE!2m1!1s0x0:0x40ec0eed70126a31!3m1!1s2@1:CIHM0ogKEICAgICRiuLtfw%7CCgwI_u-RoQYQ8PrHzAE%7C?hl=en","❤❤"
"مركز البسمة لطب الاسنان دكتور طنطاوي الشحات","https://www.google.com/maps/search/?api=1&query=%D9%85%D8%B1%D9%83%D8%B2%20%D8%A7%D9%84%D8%A8%D8%B3%D9%85%D8%A9%20%D9%84%D8%B7%D8%A8%20%D8%A7%D9%84%D8%A7%D8%B3%D9%86%D8%A7%D9%86%20%D8%AF%D9%83%D8%AA%D9%88%D8%B1%20%D8%B7%D9%86%D8%B7%D8%A7%D9%88%D9%8A%20%D8%A7%D9%84%D8%B4%D8%AD%D8%A7%D8%AA&query_place_id=ChIJuS2NiURZ-BQRMWoScO0O7EA","5","Samer Hussien","https://www.google.com/maps/reviews/data=!4m8!14m7!1m6!2m5!1sChdDSUhNMG9nS0VJQ0FnSURTMmNfRTdRRRAB!2m1!1s0x0:0x40ec0eed70126a31!3m1!1s2@1:CIHM0ogKEICAgIDS2c_E7QE%7CCgsIzNORoQYQ6Pn3Hw%7C?hl=en","💙💙"
"مركز البسمة لطب الاسنان دكتور طنطاوي الشحات","https://www.google.com/maps/search/?api=1&query=%D9%85%D8%B1%D9%83%D8%B2%20%D8%A7%D9%84%D8%A8%D8%B3%D9%85%D8%A9%20%D9%84%D8%B7%D8%A8%20%D8%A7%D9%84%D8%A7%D8%B3%D9%86%D8%A7%D9%86%20%D8%AF%D9%83%D8%AA%D9%88%D8%B1%20%D8%B7%D9%86%D8%B7%D8%A7%D9%88%D9%8A%20%D8%A7%D9%84%D8%B4%D8%AD%D8%A7%D8%AA&query_place_id=ChIJuS2NiURZ-BQRMWoScO0O7EA","5","Alaa Fouda","https://www.google.com/maps/reviews/data=!4m8!14m7!1m6!2m5!1sChZDSUhNMG9nS0VJQ0FnSUNSOHBLNlNnEAE!2m1!1s0x0:0x40ec0eed70126a31!3m1!1s2@1:CIHM0ogKEICAgICR8pK6Sg%7CCgwIzpKRoQYQ8JO4lAI%7C?hl=en","ما شاء الله مركز نظيف والتعامل كويس جدًا جدًا والتيم اللي هناك ممتازيين جدًا وعلي رأسهم أميرة الحسيني😍
بنصح اي حد يروح هناك واكيد هكرر زيارتي تاني ♥️🌸"
"مركز البسمة لطب الاسنان دكتور طنطاوي الشحات","https://www.google.com/maps/search/?api=1&query=%D9%85%D8%B1%D9%83%D8%B2%20%D8%A7%D9%84%D8%A8%D8%B3%D9%85%D8%A9%20%D9%84%D8%B7%D8%A8%20%D8%A7%D9%84%D8%A7%D8%B3%D9%86%D8%A7%D9%86%20%D8%AF%D9%83%D8%AA%D9%88%D8%B1%20%D8%B7%D9%86%D8%B7%D8%A7%D9%88%D9%8A%20%D8%A7%D9%84%D8%B4%D8%AD%D8%A7%D8%AA&query_place_id=ChIJuS2NiURZ-BQRMWoScO0O7EA","5","Manal Hussein","https://www.google.com/maps/reviews/data=!4m8!14m7!1m6!2m5!1sChZDSUhNMG9nS0VJQ0FnSUNSOHVyd1pBEAE!2m1!1s0x0:0x40ec0eed70126a31!3m1!1s2@1:CIHM0ogKEICAgICR8urwZA%7CCgwIj5KRoQYQ4KSUzQI%7C?hl=en",
"مركز البسمة لطب الاسنان دكتور طنطاوي الشحات","https://www.google.com/maps/search/?api=1&query=%D9%85%D8%B1%D9%83%D8%B2%20%D8%A7%D9%84%D8%A8%D8%B3%D9%85%D8%A9%20%D9%84%D8%B7%D8%A8%20%D8%A7%D9%84%D8%A7%D8%B3%D9%86%D8%A7%D9%86%20%D8%AF%D9%83%D8%AA%D9%88%D8%B1%20%D8%B7%D9%86%D8%B7%D8%A7%D9%88%D9%8A%20%D8%A7%D9%84%D8%B4%D8%AD%D8%A7%D8%AA&query_place_id=ChIJuS2NiURZ-BQRMWoScO0O7EA","5","Ahmed Medo","https://www.google.com/maps/reviews/data=!4m8!14m7!1m6!2m5!1sChdDSUhNMG9nS0VJQ0FnSUNSOG9DUDlBRRAB!2m1!1s0x0:0x40ec0eed70126a31!3m1!1s2@1:CIHM0ogKEICAgICR8oCP9AE%7CCgwInfKQoQYQqI_O9AE%7C?hl=en","خدمه عاليه فوق وصف ومعامله ممتازه وعنايه كويسع"
"مركز البسمة لطب الاسنان دكتور طنطاوي الشحات","https://www.google.com/maps/search/?api=1&query=%D9%85%D8%B1%D9%83%D8%B2%20%D8%A7%D9%84%D8%A8%D8%B3%D9%85%D8%A9%20%D9%84%D8%B7%D8%A8%20%D8%A7%D9%84%D8%A7%D8%B3%D9%86%D8%A7%D9%86%20%D8%AF%D9%83%D8%AA%D9%88%D8%B1%20%D8%B7%D9%86%D8%B7%D8%A7%D9%88%D9%8A%20%D8%A7%D9%84%D8%B4%D8%AD%D8%A7%D8%AA&query_place_id=ChIJuS2NiURZ-BQRMWoScO0O7EA","5","elseyad Soliman","https://www.google.com/maps/reviews/data=!4m8!14m7!1m6!2m5!1sChdDSUhNMG9nS0VJQ0FnSUNSc3QtYWdnRRAB!2m1!1s0x0:0x40ec0eed70126a31!3m1!1s2@1:CIHM0ogKEICAgICRst-aggE%7CCgwI9e6QoQYQqPvbtwI%7C?hl=en",
"مركز البسمة لطب الاسنان دكتور طنطاوي الشحات","https://www.google.com/maps/search/?api=1&query=%D9%85%D8%B1%D9%83%D8%B2%20%D8%A7%D9%84%D8%A8%D8%B3%D9%85%D8%A9%20%D9%84%D8%B7%D8%A8%20%D8%A7%D9%84%D8%A7%D8%B3%D9%86%D8%A7%D9%86%20%D8%AF%D9%83%D8%AA%D9%88%D8%B1%20%D8%B7%D9%86%D8%B7%D8%A7%D9%88%D9%8A%20%D8%A7%D9%84%D8%B4%D8%AD%D8%A7%D8%AA&query_place_id=ChIJuS2NiURZ-BQRMWoScO0O7EA","5","Shereen shrkawy","https://www.google.com/maps/reviews/data=!4m8!14m7!1m6!2m5!1sChZDSUhNMG9nS0VJQ0FnSUNSc3NfcVBREAE!2m1!1s0x0:0x40ec0eed70126a31!3m1!1s2@1:CIHM0ogKEICAgICRss_qPQ%7CCgwI8-uQoQYQyPXxmAI%7C?hl=en","❤❤❤❤"
"مركز البسمة لطب الاسنان دكتور طنطاوي الشحات","https://www.google.com/maps/search/?api=1&query=%D9%85%D8%B1%D9%83%D8%B2%20%D8%A7%D9%84%D8%A8%D8%B3%D9%85%D8%A9%20%D9%84%D8%B7%D8%A8%20%D8%A7%D9%84%D8%A7%D8%B3%D9%86%D8%A7%D9%86%20%D8%AF%D9%83%D8%AA%D9%88%D8%B1%20%D8%B7%D9%86%D8%B7%D8%A7%D9%88%D9%8A%20%D8%A7%D9%84%D8%B4%D8%AD%D8%A7%D8%AA&query_place_id=ChIJuS2NiURZ-BQRMWoScO0O7EA","5","Mahmoud MaGdy","https://www.google.com/maps/reviews/data=!4m8!14m7!1m6!2m5!1sChZDSUhNMG9nS0VJQ0FnSUNSc3RuV2RnEAE!2m1!1s0x0:0x40ec0eed70126a31!3m1!1s2@1:CIHM0ogKEICAgICRstnWdg%7CCgwI8ceQoQYQoJaFpgE%7C?hl=en","مكان نضيف معاملة جيده"
"مركز البسمة لطب الاسنان دكتور طنطاوي الشحات","https://www.google.com/maps/search/?api=1&query=%D9%85%D8%B1%D9%83%D8%B2%20%D8%A7%D9%84%D8%A8%D8%B3%D9%85%D8%A9%20%D9%84%D8%B7%D8%A8%20%D8%A7%D9%84%D8%A7%D8%B3%D9%86%D8%A7%D9%86%20%D8%AF%D9%83%D8%AA%D9%88%D8%B1%20%D8%B7%D9%86%D8%B7%D8%A7%D9%88%D9%8A%20%D8%A7%D9%84%D8%B4%D8%AD%D8%A7%D8%AA&query_place_id=ChIJuS2NiURZ-BQRMWoScO0O7EA","5","yara Abdelrhman","https://www.google.com/maps/reviews/data=!4m8!14m7!1m6!2m5!1sChZDSUhNMG9nS0VJQ0FnSUNSc3U2MWFnEAE!2m1!1s0x0:0x40ec0eed70126a31!3m1!1s2@1:CIHM0ogKEICAgICRsu61ag%7CCgwIqryQoQYQ0O7WtAI%7C?hl=en","حقيقي من انضف العيادات الي دخلتها .
ومن الطف الناس الي ممكن تتعامل معاهم اميره الحسيني بجد ❤️❤️"
"مركز البسمة لطب الاسنان دكتور طنطاوي الشحات","https://www.google.com/maps/search/?api=1&query=%D9%85%D8%B1%D9%83%D8%B2%20%D8%A7%D9%84%D8%A8%D8%B3%D9%85%D8%A9%20%D9%84%D8%B7%D8%A8%20%D8%A7%D9%84%D8%A7%D8%B3%D9%86%D8%A7%D9%86%20%D8%AF%D9%83%D8%AA%D9%88%D8%B1%20%D8%B7%D9%86%D8%B7%D8%A7%D9%88%D9%8A%20%D8%A7%D9%84%D8%B4%D8%AD%D8%A7%D8%AA&query_place_id=ChIJuS2NiURZ-BQRMWoScO0O7EA","5","Abdelrahman Zaghloul","https://www.google.com/maps/reviews/data=!4m8!14m7!1m6!2m5!1sChZDSUhNMG9nS0VJQ0FnSUNSa3RyalJnEAE!2m1!1s0x0:0x40ec0eed70126a31!3m1!1s2@1:CIHM0ogKEICAgICRktrjRg%7CCgwIiIWOoQYQ4OrM-wE%7C?hl=en","المكان ممتاز جدا من جانب النظافه وانا من رأيي دي اول حاجه ممتازه في عياده الأسنان ثانيا بقي دكتور طنطاوي من اشطر الدكاتره في اسماعيليه كلها بجد بيراعي ربنا في شغله أوي وبجد الخدمه فوق الممتاز في العياده والله بجد ربنا يوفقك يادكتور"
"مركز البسمة لطب الاسنان دكتور طنطاوي الشحات","https://www.google.com/maps/search/?api=1&query=%D9%85%D8%B1%D9%83%D8%B2%20%D8%A7%D9%84%D8%A8%D8%B3%D9%85%D8%A9%20%D9%84%D8%B7%D8%A8%20%D8%A7%D9%84%D8%A7%D8%B3%D9%86%D8%A7%D9%86%20%D8%AF%D9%83%D8%AA%D9%88%D8%B1%20%D8%B7%D9%86%D8%B7%D8%A7%D9%88%D9%8A%20%D8%A7%D9%84%D8%B4%D8%AD%D8%A7%D8%AA&query_place_id=ChIJuS2NiURZ-BQRMWoScO0O7EA","5","Sara Alaide","https://www.google.com/maps/reviews/data=!4m8!14m7!1m6!2m5!1sChZDSUhNMG9nS0VJQ0FnSUNSa3VEX2FREAE!2m1!1s0x0:0x40ec0eed70126a31!3m1!1s2@1:CIHM0ogKEICAgICRkuD_aQ%7CCgwI3cuNoQYQyPW90AM%7C?hl=en","مشاء الله الدكاتره ممتازين جدا والعياده نظيفه والتعقيم فيها كويس جدا"
"مركز البسمة لطب الاسنان دكتور طنطاوي الشحات","https://www.google.com/maps/search/?api=1&query=%D9%85%D8%B1%D9%83%D8%B2%20%D8%A7%D9%84%D8%A8%D8%B3%D9%85%D8%A9%20%D9%84%D8%B7%D8%A8%20%D8%A7%D9%84%D8%A7%D8%B3%D9%86%D8%A7%D9%86%20%D8%AF%D9%83%D8%AA%D9%88%D8%B1%20%D8%B7%D9%86%D8%B7%D8%A7%D9%88%D9%8A%20%D8%A7%D9%84%D8%B4%D8%AD%D8%A7%D8%AA&query_place_id=ChIJuS2NiURZ-BQRMWoScO0O7EA","5","Reda Ismail","https://www.google.com/maps/reviews/data=!4m8!14m7!1m6!2m5!1sChdDSUhNMG9nS0VJQ0FnSUNSNHRXd3FnRRAB!2m1!1s0x0:0x40ec0eed70126a31!3m1!1s2@1:CIHM0ogKEICAgICR4tWwqgE%7CCgwIoMmNoQYQuPG-hQI%7C?hl=en","المكان كويس جدا ❤ وال staff محترم ودكاترة ممتازة حقيقي احسن خبرة ودقة ف الشغل والتعامل مريح 💜💜 مكان فعلا يستاهل التقدير ربنا يوفقكم ❤❤"
"مركز البسمة لطب الاسنان دكتور طنطاوي الشحات","https://www.google.com/maps/search/?api=1&query=%D9%85%D8%B1%D9%83%D8%B2%20%D8%A7%D9%84%D8%A8%D8%B3%D9%85%D8%A9%20%D9%84%D8%B7%D8%A8%20%D8%A7%D9%84%D8%A7%D8%B3%D9%86%D8%A7%D9%86%20%D8%AF%D9%83%D8%AA%D9%88%D8%B1%20%D8%B7%D9%86%D8%B7%D8%A7%D9%88%D9%8A%20%D8%A7%D9%84%D8%B4%D8%AD%D8%A7%D8%AA&query_place_id=ChIJuS2NiURZ-BQRMWoScO0O7EA","5","yuossef Eladwye","https://www.google.com/maps/reviews/data=!4m8!14m7!1m6!2m5!1sChdDSUhNMG9nS0VJQ0FnSUNSNHZfZXZ3RRAB!2m1!1s0x0:0x40ec0eed70126a31!3m1!1s2@1:CIHM0ogKEICAgICR4v_evwE%7CCgwIoMaNoQYQ2JjLiwM%7C?hl=en",
"مركز البسمة لطب الاسنان دكتور طنطاوي الشحات","https://www.google.com/maps/search/?api=1&query=%D9%85%D8%B1%D9%83%D8%B2%20%D8%A7%D9%84%D8%A8%D8%B3%D9%85%D8%A9%20%D9%84%D8%B7%D8%A8%20%D8%A7%D9%84%D8%A7%D8%B3%D9%86%D8%A7%D9%86%20%D8%AF%D9%83%D8%AA%D9%88%D8%B1%20%D8%B7%D9%86%D8%B7%D8%A7%D9%88%D9%8A%20%D8%A7%D9%84%D8%B4%D8%AD%D8%A7%D8%AA&query_place_id=ChIJuS2NiURZ-BQRMWoScO0O7EA","5","Tota Sayed","https://www.google.com/maps/reviews/data=!4m8!14m7!1m6!2m5!1sChdDSUhNMG9nS0VJQ0FnSUNSNHRmRzh3RRAB!2m1!1s0x0:0x40ec0eed70126a31!3m1!1s2@1:CIHM0ogKEICAgICR4tfG8wE%7CCgwI5cKNoQYQ0OShqwI%7C?hl=en","دكاترة ممتازين جدا دكتور طنطاوى من الدكاتره  الممتازة و الي بيراعو  ربنا في شغلهم اووي  وطبعا الدكاتره الباقين   دكتور محمد حلاوة و دكتور محمد انور  شغلهم الممتاز  وروحهم  الحلوه مع الكبار و و الصغار ده طبعا غير الاسيستانت و مقابلتهم للمريض و مراعاة البيشنت
المكان كله ممتاز والأسعار مناسبة ده غير التخفيضات الي بتتعمل سواء علي التركيب أو الزراعة وان هما عندهم اهم حاجه أن البيشنت يطلع مرضي بالشغل الي اتعمل ليه وفعلا مش مجامله للمكان
المكان حقيقي  يستحق اكتر من كده"
"مركز البسمة لطب الاسنان دكتور طنطاوي الشحات","https://www.google.com/maps/search/?api=1&query=%D9%85%D8%B1%D9%83%D8%B2%20%D8%A7%D9%84%D8%A8%D8%B3%D9%85%D8%A9%20%D9%84%D8%B7%D8%A8%20%D8%A7%D9%84%D8%A7%D8%B3%D9%86%D8%A7%D9%86%20%D8%AF%D9%83%D8%AA%D9%88%D8%B1%20%D8%B7%D9%86%D8%B7%D8%A7%D9%88%D9%8A%20%D8%A7%D9%84%D8%B4%D8%AD%D8%A7%D8%AA&query_place_id=ChIJuS2NiURZ-BQRMWoScO0O7EA","5","ايه محمد","https://www.google.com/maps/reviews/data=!4m8!14m7!1m6!2m5!1sChdDSUhNMG9nS0VJQ0FnSUNSNHJ2R2xBRRAB!2m1!1s0x0:0x40ec0eed70126a31!3m1!1s2@1:CIHM0ogKEICAgICR4rvGlAE%7CCgwIrLKNoQYQyK2CxQI%7C?hl=en","مركز كويس ونضيف ودكاتره كويسين جدااا وعن تجربه كمان 🥰♥️"
"مركز البسمة لطب الاسنان دكتور طنطاوي الشحات","https://www.google.com/maps/search/?api=1&query=%D9%85%D8%B1%D9%83%D8%B2%20%D8%A7%D9%84%D8%A8%D8%B3%D9%85%D8%A9%20%D9%84%D8%B7%D8%A8%20%D8%A7%D9%84%D8%A7%D8%B3%D9%86%D8%A7%D9%86%20%D8%AF%D9%83%D8%AA%D9%88%D8%B1%20%D8%B7%D9%86%D8%B7%D8%A7%D9%88%D9%8A%20%D8%A7%D9%84%D8%B4%D8%AD%D8%A7%D8%AA&query_place_id=ChIJuS2NiURZ-BQRMWoScO0O7EA","5","Esraa Mohamed","https://www.google.com/maps/reviews/data=!4m8!14m7!1m6!2m5!1sChZDSUhNMG9nS0VJQ0FnSUNSNHZQQ0VnEAE!2m1!1s0x0:0x40ec0eed70126a31!3m1!1s2@1:CIHM0ogKEICAgICR4vPCEg%7CCgsI06qNoQYQqM6DDA%7C?hl=en",
"مركز البسمة لطب الاسنان دكتور طنطاوي الشحات","https://www.google.com/maps/search/?api=1&query=%D9%85%D8%B1%D9%83%D8%B2%20%D8%A7%D9%84%D8%A8%D8%B3%D9%85%D8%A9%20%D9%84%D8%B7%D8%A8%20%D8%A7%D9%84%D8%A7%D8%B3%D9%86%D8%A7%D9%86%20%D8%AF%D9%83%D8%AA%D9%88%D8%B1%20%D8%B7%D9%86%D8%B7%D8%A7%D9%88%D9%8A%20%D8%A7%D9%84%D8%B4%D8%AD%D8%A7%D8%AA&query_place_id=ChIJuS2NiURZ-BQRMWoScO0O7EA","5","Shimaa Mohamed","https://www.google.com/maps/reviews/data=!4m8!14m7!1m6!2m5!1sChZDSUhNMG9nS0VJQ0FnSUNSNHIyN0VREAE!2m1!1s0x0:0x40ec0eed70126a31!3m1!1s2@1:CIHM0ogKEICAgICR4r27EQ%7CCgsI9KGNoQYQ-NCQFw%7C?hl=en","من أحسن المعامله و الشغل النظيف و احسن دكاتره كمان"
"مركز البسمة لطب الاسنان دكتور طنطاوي الشحات","https://www.google.com/maps/search/?api=1&query=%D9%85%D8%B1%D9%83%D8%B2%20%D8%A7%D9%84%D8%A8%D8%B3%D9%85%D8%A9%20%D9%84%D8%B7%D8%A8%20%D8%A7%D9%84%D8%A7%D8%B3%D9%86%D8%A7%D9%86%20%D8%AF%D9%83%D8%AA%D9%88%D8%B1%20%D8%B7%D9%86%D8%B7%D8%A7%D9%88%D9%8A%20%D8%A7%D9%84%D8%B4%D8%AD%D8%A7%D8%AA&query_place_id=ChIJuS2NiURZ-BQRMWoScO0O7EA","5","Dodo Dody","https://www.google.com/maps/reviews/data=!4m8!14m7!1m6!2m5!1sChdDSUhNMG9nS0VJQ0FnSUNSNHZXTV93RRAB!2m1!1s0x0:0x40ec0eed70126a31!3m1!1s2@1:CIHM0ogKEICAgICR4vWM_wE%7CCgsI752NoQYQiNnnYw%7C?hl=en","❤❤❤مكان جميل اوي
ودكتور طنطاوي من اشطر الدكاتره اللي اتعاملت معاهم اسنان
والمساعدين ناس ذوق اوي واولهم اميره الحسيني 😍😍😍"
"مركز البسمة لطب الاسنان دكتور طنطاوي الشحات","https://www.google.com/maps/search/?api=1&query=%D9%85%D8%B1%D9%83%D8%B2%20%D8%A7%D9%84%D8%A8%D8%B3%D9%85%D8%A9%20%D9%84%D8%B7%D8%A8%20%D8%A7%D9%84%D8%A7%D8%B3%D9%86%D8%A7%D9%86%20%D8%AF%D9%83%D8%AA%D9%88%D8%B1%20%D8%B7%D9%86%D8%B7%D8%A7%D9%88%D9%8A%20%D8%A7%D9%84%D8%B4%D8%AD%D8%A7%D8%AA&query_place_id=ChIJuS2NiURZ-BQRMWoScO0O7EA","5","Amira Ahmed","https://www.google.com/maps/reviews/data=!4m8!14m7!1m6!2m5!1sChdDSUhNMG9nS0VJQ0FnSUNSNHVuazJBRRAB!2m1!1s0x0:0x40ec0eed70126a31!3m1!1s2@1:CIHM0ogKEICAgICR4unk2AE%7CCgwIpY6NoQYQ4O3EqgE%7C?hl=en","مركز متكامل وخدمه محترمة جدا وأطباء على مستوى عالى من الخبرة 🥰♥️"
"مركز البسمة لطب الاسنان دكتور طنطاوي الشحات","https://www.google.com/maps/search/?api=1&query=%D9%85%D8%B1%D9%83%D8%B2%20%D8%A7%D9%84%D8%A8%D8%B3%D9%85%D8%A9%20%D9%84%D8%B7%D8%A8%20%D8%A7%D9%84%D8%A7%D8%B3%D9%86%D8%A7%D9%86%20%D8%AF%D9%83%D8%AA%D9%88%D8%B1%20%D8%B7%D9%86%D8%B7%D8%A7%D9%88%D9%8A%20%D8%A7%D9%84%D8%B4%D8%AD%D8%A7%D8%AA&query_place_id=ChIJuS2NiURZ-BQRMWoScO0O7EA","5","Mohamed Ebrahim","https://www.google.com/maps/reviews/data=!4m8!14m7!1m6!2m5!1sChZDSUhNMG9nS0VJQ0FnSUNSNG9tYmVREAE!2m1!1s0x0:0x40ec0eed70126a31!3m1!1s2@1:CIHM0ogKEICAgICR4ombeQ%7CCgsIhYyNoQYQwLbbKA%7C?hl=en","احسن مركز اسنان في اسماعيلية ♥️♥️"
"مركز البسمة لطب الاسنان دكتور طنطاوي الشحات","https://www.google.com/maps/search/?api=1&query=%D9%85%D8%B1%D9%83%D8%B2%20%D8%A7%D9%84%D8%A8%D8%B3%D9%85%D8%A9%20%D9%84%D8%B7%D8%A8%20%D8%A7%D9%84%D8%A7%D8%B3%D9%86%D8%A7%D9%86%20%D8%AF%D9%83%D8%AA%D9%88%D8%B1%20%D8%B7%D9%86%D8%B7%D8%A7%D9%88%D9%8A%20%D8%A7%D9%84%D8%B4%D8%AD%D8%A7%D8%AA&query_place_id=ChIJuS2NiURZ-BQRMWoScO0O7EA","5","aya salem","https://www.google.com/maps/reviews/data=!4m8!14m7!1m6!2m5!1sChZDSUhNMG9nS0VJQ0FnSUNoODVxSmNnEAE!2m1!1s0x0:0x40ec0eed70126a31!3m1!1s2@1:CIHM0ogKEICAgICh85qJcg%7CCgwIsdfUnwYQyLX3rgE%7C?hl=en","العياده مواعيد الدكاتره مظبوطه وعندهم خبرا في التعامل مع الحالات كويس والاسعار ممتازه الصراحه مقابل الخدمه شكرا لكل الدكتره اللي اشتغلت معايا وشكرا لدكتور طنطاوي"
"مركز البسمة لطب الاسنان دكتور طنطاوي الشحات","https://www.google.com/maps/search/?api=1&query=%D9%85%D8%B1%D9%83%D8%B2%20%D8%A7%D9%84%D8%A8%D8%B3%D9%85%D8%A9%20%D9%84%D8%B7%D8%A8%20%D8%A7%D9%84%D8%A7%D8%B3%D9%86%D8%A7%D9%86%20%D8%AF%D9%83%D8%AA%D9%88%D8%B1%20%D8%B7%D9%86%D8%B7%D8%A7%D9%88%D9%8A%20%D8%A7%D9%84%D8%B4%D8%AD%D8%A7%D8%AA&query_place_id=ChIJuS2NiURZ-BQRMWoScO0O7EA","5","Sahar Mohmmed","https://www.google.com/maps/reviews/data=!4m8!14m7!1m6!2m5!1sChdDSUhNMG9nS0VJQ0FnSUNoc3Y2N3l3RRAB!2m1!1s0x0:0x40ec0eed70126a31!3m1!1s2@1:CIHM0ogKEICAgIChsv67ywE%7CCgwIo4WUnwYQwNq6rAE%7C?hl=en","دكاترة ممتازين جدا جدا دكتور طنطاوى على رأسهم والشكر الجزيل لدكتور محمد حلاوة على صبره الجميل وروحه الحلوه اوى والبهجه مع الحالة
تعقيم على مستوى عالى باستمرار مراعاة المريض الريسبشن معامله ممتازه جدا استاذه نهى وأستاذ إسلام المكان كله ممتاز والأسعار بالنسبه للعيادات تانيه حلو فى ظل ظروف الغلاء حاليا"
"مركز البسمة لطب الاسنان دكتور طنطاوي الشحات","https://www.google.com/maps/search/?api=1&query=%D9%85%D8%B1%D9%83%D8%B2%20%D8%A7%D9%84%D8%A8%D8%B3%D9%85%D8%A9%20%D9%84%D8%B7%D8%A8%20%D8%A7%D9%84%D8%A7%D8%B3%D9%86%D8%A7%D9%86%20%D8%AF%D9%83%D8%AA%D9%88%D8%B1%20%D8%B7%D9%86%D8%B7%D8%A7%D9%88%D9%8A%20%D8%A7%D9%84%D8%B4%D8%AD%D8%A7%D8%AA&query_place_id=ChIJuS2NiURZ-BQRMWoScO0O7EA","5","Dr Abdallah Elkhooly","https://www.google.com/maps/reviews/data=!4m8!14m7!1m6!2m5!1sChZDSUhNMG9nS0VJQ0FnSURpX1AtTldBEAE!2m1!1s0x0:0x40ec0eed70126a31!3m1!1s2@1:CIHM0ogKEICAgIDi_P-NWA%7CCgsIkqCO_gUQ4NDuPg%7C?hl=en","ما شاء الله تعقيم ونظافة وأمان وجودة ممتازة وخصوصا دكتور طنطاوي ودكتور عبدالله الخولي"
"مركز البسمة لطب الاسنان دكتور طنطاوي الشحات","https://www.google.com/maps/search/?api=1&query=%D9%85%D8%B1%D9%83%D8%B2%20%D8%A7%D9%84%D8%A8%D8%B3%D9%85%D8%A9%20%D9%84%D8%B7%D8%A8%20%D8%A7%D9%84%D8%A7%D8%B3%D9%86%D8%A7%D9%86%20%D8%AF%D9%83%D8%AA%D9%88%D8%B1%20%D8%B7%D9%86%D8%B7%D8%A7%D9%88%D9%8A%20%D8%A7%D9%84%D8%B4%D8%AD%D8%A7%D8%AA&query_place_id=ChIJuS2NiURZ-BQRMWoScO0O7EA","1","Ahmad Shaalan","https://www.google.com/maps/reviews/data=!4m8!14m7!1m6!2m5!1sChZDSUhNMG9nS0VJQ0FnSUNDM3BDcVpREAE!2m1!1s0x0:0x40ec0eed70126a31!3m1!1s2@1:CIHM0ogKEICAgICC3pCqZQ%7CCgwIn83I-wUQsPuU0AM%7C?hl=en","للأسف تسبب في كسر ضرس أختي بخطئهم"
